mu,Delta,Gap
-4.0,0.2,2.001005001338952
-4.0,0.2947368421052632,2.0010489670884546
-4.0,0.3894736842105263,2.0011096816782006
-4.0,0.4842105263157895,2.001187065510627
-4.0,0.5789473684210527,2.0012810242911407
-4.0,0.6736842105263159,2.001391452544538
-4.0,0.7684210526315789,2.001518236664864
-4.0,0.8631578947368421,2.0016612573771244
-4.0,0.9578947368421054,2.0018203916209
-4.0,1.0526315789473684,2.0019955139358037
-4.0,1.1473684210526316,2.0021864974516586
-4.0,1.2421052631578948,2.0023932145818626
-4.0,1.3368421052631578,2.002615537502053
-4.0,1.431578947368421,2.0028533384775065
-4.0,1.5263157894736843,2.003106490085677
-4.0,1.6210526315789473,2.0033748653669017
-4.0,1.7157894736842105,2.0036583379263946
-4.0,1.8105263157894738,2.0039567820030264
-4.0,1.9052631578947368,2.0042700725158036
-4.0,2.0,2.0045980850952785
-3.959798994974874,0.2,1.9608047603300425
-3.959798994974874,0.2947368421052632,1.9608496189169031
-3.959798994974874,0.3894736842105263,1.9609115642358559
-3.959798994974874,0.4842105263157895,1.960990513189423
-3.959798994974874,0.5789473684210527,1.9610863674559322
-3.959798994974874,0.6736842105263159,1.961199017189079
-3.959798994974874,0.7684210526315789,1.961328344208894
-3.959798994974874,0.8631578947368421,1.9614742245624384
-3.959798994974874,0.9578947368421054,1.9616365304717194
-3.959798994974874,1.0526315789473684,1.9618151317582688
-3.959798994974874,1.1473684210526316,1.9620098968556994
-3.959798994974874,1.2421052631578948,1.9622206935150743
-3.959798994974874,1.3368421052631578,1.962447389289456
-3.959798994974874,1.431578947368421,1.9626898518638392
-3.959798994974874,1.5263157894736843,1.962947949278418
-3.959798994974874,1.6210526315789473,1.9632215500792856
-3.959798994974874,1.7157894736842105,1.9635105234198842
-3.959798994974874,1.8105263157894738,1.9638147391293366
-3.959798994974874,1.9052631578947368,1.9641340677584285
-3.959798994974874,2.0,1.964468380610532
-3.919597989949749,0.2,1.9206045510683487
-3.919597989949749,0.2947368421052632,1.9206503395264183
-3.919597989949749,0.3894736842105263,1.9207135665155712
-3.919597989949749,0.4842105263157895,1.920794145206674
-3.919597989949749,0.5789473684210527,1.920891972991013
-3.919597989949749,0.6736842105263159,1.9210069353759074
-3.919597989949749,0.7684210526315789,1.921138909325505
-3.919597989949749,0.8631578947368421,1.9212877659257013
-3.919597989949749,0.9578947368421054,1.9214533723991853
-3.919597989949749,1.0526315789473684,1.9216355935704605
-3.919597989949749,1.1473684210526316,1.9218342929012802
-3.919597989949749,1.2421052631578948,1.922049333208154
-3.919597989949749,1.3368421052631578,1.9222805771527165
-3.919597989949749,1.431578947368421,1.9225278875741478
-3.919597989949749,1.5263157894736843,1.922791127713071
-3.919597989949749,1.6210526315789473,1.923070161362128
-3.919597989949749,1.7157894736842105,1.9233648529669325
-3.919597989949749,1.8105263157894738,1.923675067693866
-3.919597989949749,1.9052631578947368,1.924000671475522
-3.919597989949749,2.0,1.9243415310412235
-3.879396984924623,0.2,1.88040437557584
-3.879396984924623,0.2947368421052632,1.8804511332927842
-3.879396984924623,0.3894736842105263,1.8805156961231237
-3.879396984924623,0.4842105263157895,1.8805979732536453
-3.879396984924623,0.5789473684210527,1.8806978575060196
-3.879396984924623,0.6736842105263159,1.8808152294423988
-3.879396984924623,0.7684210526315789,1.8809499608654972
-3.879396984924623,0.8631578947368421,1.8811019175933241
-3.879396984924623,0.9578947368421054,1.8812709615443164
-3.879396984924623,1.0526315789473684,1.8814569522441311
-3.879396984924623,1.1473684210526316,1.8816597478845358
-3.879396984924623,1.2421052631578948,1.8818792060530576
-3.879396984924623,1.3368421052631578,1.882115184229272
-3.879396984924623,1.431578947368421,1.8823675401194497
-3.879396984924623,1.5263157894736843,1.8826361318811473
-3.879396984924623,1.6210526315789473,1.8829208182734591
-3.879396984924623,1.7157894736842105,1.8832214587575271
-3.879396984924623,1.8105263157894738,1.883537913563693
-3.879396984924623,1.9052631578947368,1.8838700437364606
-3.879396984924623,2.0,1.8842177111645755
-3.8391959798994977,0.2,1.840204236049987
-3.8391959798994977,0.2947368421052632,1.8402520049711282
-3.8391959798994977,0.3894736842105263,1.840317961322598
-3.8391959798994977,0.4842105263157895,1.840402010031709
-3.8391959798994977,0.5789473684210527,1.8405040390427727
-3.8391959798994977,0.6736842105263159,1.8406239236479418
-3.8391959798994977,0.7684210526315789,1.84076153015672
-3.8391959798994977,0.8631578947368421,1.8409167187865103
-3.8391959798994977,0.9578947368421054,1.8410893458208704
-3.8391959798994977,1.0526315789473684,1.8412792651595622
-3.8391959798994977,1.1473684210526316,1.841486329401314
-3.8391959798994977,1.2421052631578948,1.841710390585827
-3.8391959798994977,1.3368421052631578,1.8419513006957735
-3.8391959798994977,1.431578947368421,1.842208911993728
-3.8391959798994977,1.5263157894736843,1.842483077247184
-3.8391959798994977,1.6210526315789473,1.842773649878589
-3.8391959798994977,1.7157894736842105,1.8430804840652053
-3.8391959798994977,1.8105263157894738,1.8434034348057158
-3.8391959798994977,1.9052631578947368,1.8437423579646042
-3.8391959798994977,2.0,1.8440971103018489
-3.798994974874372,0.2,1.800004134883242
-3.798994974874372,0.2947368421052632,1.8000529597379664
-3.798994974874372,0.3894736842105263,1.8001203711092186
-3.798994974874372,0.4842105263157895,1.8002062693638377
-3.798994974874372,0.5789473684210527,1.8003105372330326
-3.798994974874372,0.6736842105263159,1.8004330443851702
-3.798994974874372,0.7684210526315789,1.80057365127568
-3.798994974874372,0.8631578947368421,1.80073221215976
-3.798994974874372,0.9578947368421054,1.8009085773270546
-3.798994974874372,1.0526315789473684,1.8011025946963481
-3.798994974874372,1.1473684210526316,1.8013141109227544
-3.798994974874372,1.2421052631578948,1.8015429721521221
-3.798994974874372,1.3368421052631578,1.8017890245287176
-3.798994974874372,1.431578947368421,1.8020521145342574
-3.798994974874372,1.5263157894736843,1.8023320892133283
-3.798994974874372,1.6210526315789473,1.8026287963230432
-3.798994974874372,1.7157894736842105,1.8029420844323012
-3.798994974874372,1.8105263157894738,1.8032718029877446
-3.798994974874372,1.9052631578947368,1.8036178023576153
-3.798994974874372,2.0,1.8039799338609726
-3.758793969849246,0.2,1.7598040746851658
-3.758793969849246,0.2947368421052632,1.7598540032389247
-3.758793969849246,0.3894736842105263,1.7599229352920491
-3.758793969849246,0.4842105263157895,1.7600107663212121
-3.758793969849246,0.5789473684210527,1.7601173734775781
-3.758793969849246,0.6736842105263159,1.7602426204196946
-3.758793969849246,0.7684210526315789,1.7603863613556843
-3.758793969849246,0.8631578947368421,1.7605484441848787
-3.758793969849246,0.9578947368421054,1.7607287128123614
-3.758793969849246,1.0526315789473684,1.7609270087897708
-3.758793969849246,1.1473684210526316,1.7611431724474296
-3.758793969849246,1.2421052631578948,1.7613770436612046
-3.758793969849246,1.3368421052631578,1.7616284623657779
-3.758793969849246,1.431578947368421,1.7618972688956633
-3.758793969849246,1.5263157894736843,1.762183304210942
-3.758793969849246,1.6210526315789473,1.7624864100464395
-3.758793969849246,1.7157894736842105,1.762806429010352
-3.758793969849246,1.8105263157894738,1.7631432046495212
-3.758793969849246,1.9052631578947368,1.7634965814927661
-3.758793969849246,2.0,1.7638664050796697
-3.7185929648241207,0.2,1.7196040583076218
-3.7185929648241207,0.2947368421052632,1.7196551416431436
-3.7185929648241207,0.3894736842105263,1.7197256645881522
-3.7185929648241207,0.4842105263157895,1.7198155173673757
-3.7185929648241207,0.5789473684210527,1.7199245711500442
-3.7185929648241207,0.6736842105263159,1.7200526831628737
-3.7185929648241207,0.7684210526315789,1.7201997009373653
-3.7185929648241207,0.8631578947368421,1.7203654655876068
-3.7185929648241207,0.9578947368421054,1.7205498142082702
-3.7185929648241207,1.0526315789473684,1.7207525815630709
-3.7185929648241207,1.1473684210526316,1.7209736012422994
-3.7185929648241207,1.2421052631578948,1.7212127064422018
-3.7185929648241207,1.3368421052631578,1.7214697304837212
-3.7185929648241207,1.431578947368421,1.7217445071553892
-3.7185929648241207,1.5263157894736843,1.7220368709392035
-3.7185929648241207,1.6210526315789473,1.7223466571593247
-3.7185929648241207,1.7157894736842105,1.7226737020799776
-3.7185929648241207,1.8105263157894738,1.7230178429700385
-3.7185929648241207,1.9052631578947368,1.723378918145856
-3.7185929648241207,2.0,1.723756766999586
-3.678391959798995,0.2,1.6794040888735895
-3.678391959798995,0.2947368421052632,1.6794563817054042
-3.678391959798995,0.3894736842105263,1.6795285707301726
-3.678391959798995,0.4842105263157895,1.679620540522805
-3.678391959798995,0.5789473684210527,1.6797321558295935
-3.678391959798995,0.6736842105263159,1.6798632669831175
-3.678391959798995,0.7684210526315789,1.6800137143685967
-3.678391959798995,0.8631578947368421,1.680183331845617
-3.678391959798995,0.9578947368421054,1.6803719492333078
-3.678391959798995,1.0526315789473684,1.6805793940480438
-3.678391959798995,1.1473684210526316,1.6808054926868616
-3.678391959798995,1.2421052631578948,1.681050071219384
-3.678391959798995,1.3368421052631578,1.6813129559118873
-3.678391959798995,1.431578947368421,1.6815939735719267
-3.678391959798995,1.5263157894736843,1.6818929517742844
-3.678391959798995,1.6210526315789473,1.6822097190090555
-3.678391959798995,1.7157894736842105,1.682544104778796
-3.678391959798995,1.8105263157894738,1.6828959396624679
-3.678391959798995,1.9052631578947368,1.683265055357634
-3.678391959798995,2.0,1.683651284708441
-3.6381909547738696,0.2,1.6392041698101791
-3.6381909547738696,0.2947368421052632,1.6392577308373484
-3.6381909547738696,0.3894736842105263,1.639331666589576
-3.6381909547738696,0.4842105263157895,1.639425855553458
-3.6381909547738696,0.5789473684210527,1.6395401555673228
-3.6381909547738696,0.6736842105263159,1.6396744095621523
-3.6381909547738696,0.7684210526315789,1.6398284502620357
-3.6381909547738696,0.8631578947368421,1.6400021037581014
-3.6381909547738696,0.9578947368421054,1.6401951920848614
-3.6381909547738696,1.0526315789473684,1.6404075350087075
-3.6381909547738696,1.1473684210526316,1.640638951237726
-3.6381909547738696,1.2421052631578948,1.640889259226099
-3.6381909547738696,1.3368421052631578,1.6411582777034237
-3.6381909547738696,1.431578947368421,1.641445826020872
-3.6381909547738696,1.5263157894736843,1.641751724377118
-3.6381909547738696,1.6210526315789473,1.6420757939657054
-3.6381909547738696,1.7157894736842105,1.6424178570714543
-3.6381909547738696,1.8105263157894738,1.6427777371336802
-3.6381909547738696,1.9052631578947368,1.6431552587878238
-3.6381909547738696,2.0,1.6435502478931483
-3.5979899497487438,0.2,1.5990043048865799
-3.5979899497487438,0.2947368421052632,1.5990591971893025
-3.5979899497487438,0.3894736842105263,1.5991349663182617
-3.5979899497487438,0.4842105263157895,1.599231484187312
-3.5979899497487438,0.5789473684210527,1.5993486011922382
-3.5979899497487438,0.6736842105263159,1.5994861523041053
-3.5979899497487438,0.7684210526315789,1.599643962020259
-3.5979899497487438,0.8631578947368421,1.59982184809927
-3.5979899497487438,0.9578947368421054,1.600019624232615
-3.5979899497487438,1.0526315789473684,1.6002371018856025
-3.5979899497487438,1.1473684210526316,1.600474091533973
-3.5979899497487438,1.2421052631578948,1.600730403480872
-3.5979899497487438,1.3368421052631578,1.6010058483911167
-3.5979899497487438,1.431578947368421,1.6013002376388292
-3.5979899497487438,1.5263157894736843,1.6016133835331452
-3.5979899497487438,1.6210526315789473,1.6019450994648652
-3.5979899497487438,1.7157894736842105,1.602295200002021
-3.5979899497487438,1.8105263157894738,1.6026635009523886
-3.5979899497487438,1.9052631578947368,1.603049819404623
-3.5979899497487438,2.0,1.6034539737554967
-3.557788944723618,0.2,1.5588044982578706
-3.557788944723618,0.2947368421052632,1.5588607897447107
-3.557788944723618,0.3894736842105263,1.5589384855118789
-3.557788944723618,0.4842105263157895,1.5590374503640445
-3.557788944723618,0.5789473684210527,1.5591575266638094
-3.557788944723618,0.6736842105263159,1.559298540806691
-3.557788944723618,0.7684210526315789,1.5594603084404393
-3.557788944723618,0.8631578947368421,1.5596426383705333
-3.557788944723618,0.9578947368421054,1.5598453353314699
-3.557788944723618,1.0526315789473684,1.5600682018818284
-3.557788944723618,1.1473684210526316,1.560311039668087
-3.557788944723618,1.2421052631578948,1.560573650254018
-3.557788944723618,1.3368421052631578,1.5608558356598625
-3.557788944723618,1.431578947368421,1.5611573987111396
-3.557788944723618,1.5263157894736843,1.5614781432640696
-3.557788944723618,1.6210526315789473,1.561817874351431
-3.557788944723618,1.7157894736842105,1.5621763982772559
-3.557788944723618,1.8105263157894738,1.5625535226786438
-3.557788944723618,1.9052631578947368,1.5629490565663646
-3.557788944723618,2.0,1.5633628103518002
-3.5175879396984926,0.2,1.5186047545157015
-3.5175879396984926,0.2947368421052632,1.5186625184293927
-3.5175879396984926,0.3894736842105263,1.518742241398765
-3.5175879396984926,0.4842105263157895,1.5188437805237538
-3.5175879396984926,0.5789473684210527,1.5189669694796228
-3.5175879396984926,0.6736842105263159,1.5191116254057984
-3.5175879396984926,0.7684210526315789,1.5192775544129806
-3.5175879396984926,0.8631578947368421,1.5194645556692186
-3.5175879396984926,0.9578947368421054,1.5196724242754607
-3.5175879396984926,1.0526315789473684,1.5199009532163892
-3.5175879396984926,1.1473684210526316,1.5201499346518383
-3.5175879396984926,1.2421052631578948,1.5204191607585862
-3.5175879396984926,1.3368421052631578,1.5207084242741173
-3.5175879396984926,1.431578947368421,1.521017518846544
-3.5175879396984926,1.5263157894736843,1.5213462392595418
-3.5175879396984926,1.6210526315789473,1.5216943815773853
-3.5175879396984926,1.7157894736842105,1.522061743238709
-3.5175879396984926,1.8105263157894738,1.5224481231176745
-3.5175879396984926,1.9052631578947368,1.5228533215640658
-3.5175879396984926,2.0,1.5232771404299001
-3.477386934673367,0.2,1.4784050787472092
-3.477386934673367,0.2947368421052632,1.4784643942384625
-3.477386934673367,0.3894736842105263,1.4785462530593838
-3.477386934673367,0.4842105263157895,1.478650503942193
-3.477386934673367,0.5789473684210527,1.47877697114842
-3.477386934673367,0.6736842105263159,1.478925461807239
-3.477386934673367,0.7684210526315789,1.4790957717315236
-3.477386934673367,0.8631578947368421,1.4792876896953824
-3.477386934673367,0.9578947368421054,1.4795010004187037
-3.477386934673367,1.0526315789473684,1.4797354865754762
-3.477386934673367,1.1473684210526316,1.4799909301131822
-3.477386934673367,1.2421052631578948,1.4802671131068101
-3.477386934673367,1.3368421052631578,1.4805638183070502
-3.477386934673367,1.431578947368421,1.4808808294910514
-3.477386934673367,1.5263157894736843,1.481217931686851
-3.477386934673367,1.6210526315789473,1.4815749113174
-3.477386934673367,1.7157894736842105,1.4819515562934984
-3.477386934673367,1.8105263157894738,1.482347656074249
-3.477386934673367,1.9052631578947368,1.4827630017067024
-3.477386934673367,2.0,1.4831973858521894
-3.4371859296482414,0.2,1.4382054766037402
-3.4371859296482414,0.2947368421052632,1.4382664293843794
-3.4371859296482414,0.3894736842105263,1.4383505416821056
-3.4371859296482414,0.4842105263157895,1.4384576531213593
-3.4371859296482414,0.5789473684210527,1.4385875777411026
-3.4371859296482414,0.6736842105263159,1.4387401118222383
-3.4371859296482414,0.7684210526315789,1.4389150400357038
-3.4371859296482414,0.8631578947368421,1.4391121399230817
-3.4371859296482414,0.9578947368421054,1.4393311849951356
-3.4371859296482414,1.0526315789473684,1.4395719467993306
-3.4371859296482414,1.1473684210526316,1.439834196267497
-3.4371859296482414,1.2421052631578948,1.440117704581912
-3.4371859296482414,1.3368421052631578,1.440422243727705
-3.4371859296482414,1.431578947368421,1.4407475868442179
-3.4371859296482414,1.5263157894736843,1.4410935084487801
-3.4371859296482414,1.6210526315789473,1.4414597845797437
-3.4371859296482414,1.7157894736842105,1.4418461928885427
-3.4371859296482414,1.8105263157894738,1.4422525126994536
-3.4371859296482414,1.9052631578947368,1.4426785250488492
-3.4371859296482414,2.0,1.443124012711352
-3.3969849246231156,0.2,1.398005954381318
-3.3969849246231156,0.2947368421052632,1.3980686374702227
-3.3969849246231156,0.3894736842105263,1.3981551308626026
-3.3969849246231156,0.4842105263157895,1.398265264246515
-3.3969849246231156,0.5789473684210527,1.39839884053513
-3.3969849246231156,0.6736842105263159,1.3985556442272504
-3.3969849246231156,0.7684210526315789,1.3987354479126575
-3.3969849246231156,0.8631578947368421,1.3989380169682422
-3.3969849246231156,0.9578947368421054,1.3991631127757855
-3.3969849246231156,1.0526315789473684,1.399410494850334
-3.3969849246231156,1.1473684210526316,1.3996799222164553
-3.3969849246231156,1.2421052631578948,1.3999711542861624
-3.3969849246231156,1.3368421052631578,1.4002839514152126
-3.3969849246231156,1.431578947368421,1.4006180752549537
-3.3969849246231156,1.5263157894736843,1.4009732889752509
-3.3969849246231156,1.6210526315789473,1.4013493574065523
-3.3969849246231156,1.7157894736842105,1.401746047131014
-3.3969849246231156,1.8105263157894738,1.402163126541663
-3.3969849246231156,1.9052631578947368,1.4026003658813047
-3.3969849246231156,2.0,1.4030575372684804
-3.35678391959799,0.2,1.3578065191153272
-3.35678391959799,0.2947368421052632,1.3578710336935111
-3.35678391959799,0.3894736842105263,1.3579600469557658
-3.35678391959799,0.4842105263157895,1.3580733777231175
-3.35678391959799,0.5789473684210527,1.3582108167712728
-3.35678391959799,0.6736842105263159,1.3583721357732095
-3.35678391959799,0.7684210526315789,1.3585570941893803
-3.35678391959799,0.8631578947368421,1.358765444192769
-3.35678391959799,0.9578947368421054,1.358996934011272
-3.35678391959799,1.0526315789473684,1.3592513101187091
-3.35678391959799,1.1473684210526316,1.3595283186398164
-3.35678391959799,1.2421052631578948,1.3598277062398216
-3.35678391959799,1.3368421052631578,1.3601492206843182
-3.35678391959799,1.431578947368421,1.360492611191351
-3.35678391959799,1.5263157894736843,1.3608576286534906
-3.35678391959799,1.6210526315789473,1.361244025778771
-3.35678391959799,1.7157894736842105,1.3616515571809924
-3.35678391959799,1.8105263157894738,1.362079979438324
-3.35678391959799,1.9052631578947368,1.3625290511319024
-3.35678391959799,2.0,1.3629985328717313
-3.3165829145728645,0.2,1.3176071786923595
-3.3165829145728645,0.2947368421052632,1.317673635086919
-3.3165829145728645,0.3894736842105263,1.3177653194912133
-3.3165829145728645,0.4842105263157895,1.317882038810522
-3.3165829145728645,0.5789473684210527,1.318023570546297
-3.3165829145728645,0.6736842105263159,1.3181896723754363
-3.3165829145728645,0.7684210526315789,1.3183800894556772
-3.3165829145728645,0.8631578947368421,1.3185945595938218
-3.3165829145728645,0.9578947368421054,1.3188328167184342
-3.3165829145728645,1.0526315789473684,1.3190945931351499
-3.3165829145728645,1.1473684210526316,1.3193796209605628
-3.3165829145728645,1.2421052631578948,1.3196876330231297
-3.3165829145728645,1.3368421052631578,1.3200183634263416
-3.3165829145728645,1.431578947368421,1.3203715479008404
-3.3165829145728645,1.5263157894736843,1.3207469240254888
-3.3165829145728645,1.6210526315789473,1.3211442313672401
-3.3165829145728645,1.7157894736842105,1.3215632115706366
-3.3165829145728645,1.8105263157894738,1.3220036084158897
-3.3165829145728645,1.9052631578947368,1.3224651678572792
-3.3165829145728645,2.0,1.3229476380491008
-3.2763819095477387,0.2,1.2774079419830284
-3.2763819095477387,0.2947368421052632,1.2774764608039784
-3.2763819095477387,0.3894736842105263,1.2775709816661969
-3.2763819095477387,0.4842105263157895,1.2776912983733584
-3.2763819095477387,0.5789473684210527,1.2778371738708982
-3.2763819095477387,0.6736842105263159,1.2780083505231312
-3.2763819095477387,0.7684210526315789,1.278204557867086
-3.2763819095477387,0.8631578947368421,1.2784255180392232
-3.2763819095477387,0.9578947368421054,1.2786709493843378
-3.2763819095477387,1.0526315789473684,1.2789405687768096
-3.2763819095477387,1.1473684210526316,1.2792340930834747
-3.2763819095477387,1.2421052631578948,1.2795512400755
-3.2763819095477387,1.3368421052631578,1.279891728994526
-3.2763819095477387,1.431578947368421,1.280255280904617
-3.2763819095477387,1.5263157894736843,1.2806416189122507
-3.2763819095477387,1.6210526315789473,1.281050468305111
-3.2763819095477387,1.7157894736842105,1.2814815566408428
-3.2763819095477387,1.8105263157894738,1.281934613804733
-3.2763819095477387,1.9052631578947368,1.2824093720480205
-3.2763819095477387,2.0,1.2829055660138744
-3.2361809045226133,0.2,1.237208819000453
-3.2361809045226133,0.2947368421052632,1.2372795324598735
-3.2361809045226133,0.3894736842105263,1.2373770709333407
-3.2361809045226133,0.4842105263157895,1.2375012137769774
-3.2361809045226133,0.5789473684210527,1.2376517079297467
-3.2361809045226133,0.6736842105263159,1.2378282789571156
-3.2361809045226133,0.7684210526315789,1.2380306392897613
-3.2361809045226133,0.8631578947368421,1.2382584939252517
-3.2361809045226133,0.9578947368421054,1.2385115441792713
-3.2361809045226133,1.0526315789473684,1.238789490074395
-3.2361809045226133,1.1473684210526316,1.2390920318319418
-3.2361809045226133,1.2421052631578948,1.2394188707944311
-3.2361809045226133,1.3368421052631578,1.2397697099943576
-3.2361809045226133,1.431578947368421,1.2401442545057606
-3.2361809045226133,1.5263157894736843,1.2405422116630833
-3.2361809045226133,1.6210526315789473,1.2409632911989554
-3.2361809045226133,1.7157894736842105,1.2414072053322494
-3.2361809045226133,1.8105263157894738,1.241873668825516
-3.2361809045226133,1.9052631578947368,1.2423623990232608
-3.2361809045226133,2.0,1.2428731158781534
-3.1959798994974875,0.2,1.197009821090395
-3.1959798994974875,0.2947368421052632,1.1970828745401383
-3.1959798994974875,0.3894736842105263,1.1971836297050942
-3.1959798994974875,0.4842105263157895,1.1973118499601132
-3.1959798994974875,0.5789473684210527,1.197467264590121
-3.1959798994974875,0.6736842105263159,1.1976495806773946
-3.1959798994974875,0.7684210526315789,1.1978584918653623
-3.1959798994974875,0.8631578947368421,1.1980936843528662
-3.1959798994974875,0.9578947368421054,1.1983548407940012
-3.1959798994974875,1.0526315789473684,1.1986416427559738
-3.1959798994974875,1.1473684210526316,1.198953772239812
-3.1959798994974875,1.2421052631578948,1.1992909126129803
-3.1959798994974875,1.3368421052631578,1.1996527491804219
-3.1959798994974875,1.431578947368421,1.200038969535595
-3.1959798994974875,1.5263157894736843,1.2004492637781454
-3.1959798994974875,1.6210526315789473,1.2008833246507553
-3.1959798994974875,1.7157894736842105,1.2013408476266492
-3.1959798994974875,1.8105263157894738,1.2018215309668712
-3.1959798994974875,1.9052631578947368,1.2023250757587114
-3.1959798994974875,2.0,1.202851185942239
-3.1557788944723617,0.2,1.1568109611606985
-3.1557788944723617,0.2947368421052632,1.1568865148936383
-3.1557788944723617,0.3894736842105263,1.156990706202954
-3.1557788944723617,0.4842105263157895,1.1571232807272658
-3.1557788944723617,0.5789473684210527,1.1572839482182846
-3.1557788944723617,0.6736842105263159,1.1574723953586499
-3.1557788944723617,0.7684210526315789,1.1576882950951117
-3.1557788944723617,0.8631578947368421,1.157931312944257
-3.1557788944723617,0.9578947368421054,1.1582011110474486
-3.1557788944723617,1.0526315789473684,1.158497350699235
-3.1557788944723617,1.1473684210526316,1.1588196938967092
-3.1557788944723617,1.2421052631578948,1.1591678042817948
-3.1557788944723617,1.3368421052631578,1.1595413477142107
-3.1557788944723617,1.431578947368421,1.1599399926217966
-3.1557788944723617,1.5263157894736843,1.1603634102170586
-3.1557788944723617,1.6210526315789473,1.160811274633147
-3.1557788944723617,1.7157894736842105,1.1612832630109855
-3.1557788944723617,1.8105263157894738,1.1617790555565808
-3.1557788944723617,1.9052631578947368,1.1622983355797043
-3.1557788944723617,2.0,1.1628407895209236
-3.115577889447236,0.2,1.1166122539598378
-3.115577889447236,0.2947368421052632,1.1166904853306967
-3.115577889447236,0.3894736842105263,1.1167983554873162
-3.115577889447236,0.4842105263157895,1.1169355903149485
-3.115577889447236,0.5789473684210527,1.1171018778794042
-3.115577889447236,0.6736842105263159,1.1172968822737834
-3.115577889447236,0.7684210526315789,1.117520253569844
-3.115577889447236,0.8631578947368421,1.1177716344554443
-3.115577889447236,0.9578947368421054,1.118050664451279
-3.115577889447236,1.0526315789473684,1.1183569825111153
-3.115577889447236,1.1473684210526316,1.1186902285995386
-3.115577889447236,1.2421052631578948,1.119050044643374
-3.115577889447236,1.3368421052631578,1.119436075106199
-3.115577889447236,1.431578947368421,1.119847967337912
-3.115577889447236,1.5263157894736843,1.12028537179015
-3.115577889447236,1.6210526315789473,1.120747942151573
-3.115577889447236,1.7157894736842105,1.121235335434834
-3.115577889447236,1.8105263157894738,1.1217472120340561
-3.115577889447236,1.9052631578947368,1.1222832357640535
-3.115577889447236,2.0,1.1228430738878552
-3.0753768844221105,0.2,1.0764137164172838
-3.0753768844221105,0.2947368421052632,1.0764948223536859
-3.0753768844221105,0.3894736842105263,1.0766066407145294
-3.0753768844221105,0.4842105263157895,1.0767488753021255
-3.0753768844221105,0.5789473684210527,1.0769211900189144
-3.0753768844221105,0.6736842105263159,1.0771232238545532
-3.0753768844221105,0.7684210526315789,1.0773546015094213
-3.0753768844221105,0.8631578947368421,1.0776149403854218
-3.0753768844221105,0.9578947368421054,1.0779038549713453
-3.0753768844221105,1.0526315789473684,1.0782209595161245
-3.0753768844221105,1.1473684210526316,1.078565869634538
-3.0753768844221105,1.2421052631578948,1.0789382032672095
-3.0753768844221105,1.3368421052631578,1.079337581256377
-3.0753768844221105,1.431578947368421,1.079763627694591
-3.0753768844221105,1.5263157894736843,1.0802159701391676
-3.0753768844221105,1.6210526315789473,1.0806942397470072
-3.0753768844221105,1.7157894736842105,1.0811980713615916
-3.0753768844221105,1.8105263157894738,1.0817271035709177
-3.0753768844221105,1.9052631578947368,1.082280978747389
-3.0753768844221105,2.0,1.0828593430759954
-3.035175879396985,0.2,1.0362153680623403
-3.035175879396985,0.2947368421052632,1.0362995680554592
-3.035175879396985,0.3894736842105263,1.0364156346817273
-3.035175879396985,0.4842105263157895,1.0365632469563157
-3.035175879396985,0.5789473684210527,1.036742041752827
-3.035175879396985,0.6736842105263159,1.0369516300573967
-3.035175879396985,0.7684210526315789,1.037191608324091
-3.035175879396985,0.8631578947368421,1.0374615658422077
-3.035175879396985,0.9578947368421054,1.03776108929716
-3.035175879396985,1.0526315789473684,1.0380897655178005
-3.035175879396985,1.1473684210526316,1.0384471831095523
-3.035175879396985,1.2421052631578948,1.0388329334223847
-3.035175879396985,1.3368421052631578,1.0392466111275915
-3.035175879396985,1.431578947368421,1.0396878145656054
-3.035175879396985,1.5263157894736843,1.0401561459597197
-3.035175879396985,1.6210526315789473,1.040651211550667
-3.035175879396985,1.7157894736842105,1.04117262168398
-3.035175879396985,1.8105263157894738,1.0417199908686412
-3.035175879396985,1.9052631578947368,1.0422929378177779
-3.035175879396985,2.0,1.0428910854777136
-2.9949748743718594,0.2,0.9960172315433888
-2.9949748743718594,0.2947368421052632,0.9961047712324959
-2.9949748743718594,0.3894736842105263,0.9962254217394466
-2.9949748743718594,0.4842105263157895,0.9963788341359284
-2.9949748743718594,0.5789473684210527,0.996564614934639
-2.9949748743718594,0.6736842105263159,0.9967823437549599
-2.9949748743718594,0.7684210526315789,0.9970315854763335
-2.9949748743718594,0.8631578947368421,0.9973118980068126
-2.9949748743718594,0.9578947368421054,0.9976228370264327
-2.9949748743718594,1.0526315789473684,0.9979639588094344
-2.9949748743718594,1.1473684210526316,0.9983348218841632
-2.9949748743718594,1.2421052631578948,0.9987349880084868
-2.9949748743718594,1.3368421052631578,0.9991640227473116
-2.9949748743718594,1.431578947368421,0.9996214958197083
-2.9949748743718594,1.5263157894736843,1.000106981312082
-2.9949748743718594,1.6210526315789473,1.0006200578129587
-2.9949748743718594,1.7157894736842105,1.0011603085010072
-2.9949748743718594,1.8105263157894738,1.0017273212046767
-2.9949748743718594,1.9052631578947368,1.0023206884439213
-2.9949748743718594,2.0,1.0029400074601877
-2.9547738693467336,0.2,0.9558193332767907
-2.9547738693467336,0.2947368421052632,0.9559104887750939
-2.9547738693467336,0.3894736842105263,0.956036100178358
-2.9547738693467336,0.4842105263157895,0.9561957869088327
-2.9547738693467336,0.5789473684210527,0.9563891212213333
-2.9547738693467336,0.6736842105263159,0.9566156474458231
-2.9547738693467336,0.7684210526315789,0.9568748950121243
-2.9547738693467336,0.8631578947368421,0.9571663866460474
-2.9547738693467336,0.9578947368421054,0.9574896433022404
-2.9547738693467336,1.0526315789473684,0.9578441870619122
-2.9547738693467336,1.1473684210526316,0.9582295428187704
-2.9547738693467336,1.2421052631578948,0.9586452392613082
-2.9547738693467336,1.3368421052631578,0.9590908094509916
-2.9547738693467336,1.431578947368421,0.9595657911688513
-2.9547738693467336,1.5263157894736843,0.9600697271285898
-2.9547738693467336,1.6210526315789473,0.9606021651119336
-2.9547738693467336,1.7157894736842105,0.9611626580577549
-2.9547738693467336,1.8105263157894738,0.9617507641229567
-2.9547738693467336,1.9052631578947368,0.9623660467254186
-2.9547738693467336,2.0,0.9630080745748645
-2.914572864321608,0.2,0.9156217042648951
-2.914572864321608,0.2947368421052632,0.915716787418527
-2.914572864321608,0.3894736842105263,0.9158477852330897
-2.914572864321608,0.4842105263157895,0.9160142811022798
-2.914572864321608,0.5789473684210527,0.9162158084368807
-2.914572864321608,0.6736842105263159,0.9164518716741155
-2.914572864321608,0.7684210526315789,0.916721960255051
-2.914572864321608,0.8631578947368421,0.917025557276387
-2.914572864321608,0.9578947368421054,0.9173621446196615
-2.914572864321608,1.0526315789473684,0.9177312059248278
-2.914572864321608,1.1473684210526316,0.9181322283014496
-2.914572864321608,1.2421052631578948,0.9185647033173365
-2.914572864321608,1.3368421052631578,0.9190281275774564
-2.914572864321608,1.431578947368421,0.9195220030703652
-2.914572864321608,1.5263157894736843,0.9200458373817642
-2.914572864321608,1.6210526315789473,0.9205991438309662
-2.914572864321608,1.7157894736842105,0.9211814415614898
-2.914572864321608,1.8105263157894738,0.92179225560352
-2.914572864321608,1.9052631578947368,0.9224311169181156
-2.914572864321608,2.0,0.9230975624289229
-2.8743718592964824,0.2,0.875424381136897
-2.8743718592964824,0.2947368421052632,0.8755237459694696
-2.8743718592964824,0.3894736842105263,0.8756606128976735
-2.8743718592964824,0.4842105263157895,0.8758345240761822
-2.8743718592964824,0.5789473684210527,0.8760449686380604
-2.8743718592964824,0.6736842105263159,0.8762914056895298
-2.8743718592964824,0.7684210526315789,0.8765732793305928
-2.8743718592964824,0.8631578947368421,0.876890027792159
-2.8743718592964824,0.9578947368421054,0.8772410887683753
-2.8743718592964824,1.0526315789473684,0.8776259024661961
-2.8743718592964824,1.1473684210526316,0.878043913340921
-2.8743718592964824,1.2421052631578948,0.8784945710908675
-2.8743718592964824,1.3368421052631578,0.8789773312371891
-2.8743718592964824,1.431578947368421,0.8794916554707334
-2.8743718592964824,1.5263157894736843,0.8800370118667037
-2.8743718592964824,1.6210526315789473,0.8806128750228094
-2.8743718592964824,1.7157894736842105,0.8812187261518033
-2.8743718592964824,1.8105263157894738,0.8818540531456684
-2.8743718592964824,1.9052631578947368,0.8825183506211117
-2.8743718592964824,2.0,0.8832111199517568
-2.834170854271357,0.2,0.8352274074867717
-2.834170854271357,0.2947368421052632,0.8353314581653114
-2.834170854271357,0.3894736842105263,0.8354747448204554
-2.834170854271357,0.4842105263157895,0.8356567621214168
-2.834170854271357,0.5789473684210527,0.8358769484382781
-2.834170854271357,0.6736842105263159,0.8361347110749593
-2.834170854271357,0.7684210526315789,0.8364294424336912
-2.834170854271357,0.8631578947368421,0.8367605296688955
-2.834170854271357,0.9578947368421054,0.837127360229179
-2.834170854271357,1.0526315789473684,0.837529324982705
-2.834170854271357,1.1473684210526316,0.837965819976256
-2.834170854271357,1.2421052631578948,0.8384362474357908
-2.834170854271357,1.3368421052631578,0.8389400163476063
-2.834170854271357,1.431578947368421,0.8394765428064135
-2.834170854271357,1.5263157894736843,0.8400452502318931
-2.834170854271357,1.6210526315789473,0.840645569509188
-2.834170854271357,1.7157894736842105,0.8412769390837413
-2.834170854271357,1.8105263157894738,0.8419388050273009
-2.834170854271357,1.9052631578947368,0.8426306210843449
-2.834170854271357,2.0,0.8433518487042208
-2.7939698492462313,0.2,0.7950308356121623
-2.7939698492462313,0.2947368421052632,0.7951400363867209
-2.7939698492462313,0.3894736842105263,0.7952903746523343
-2.7939698492462313,0.4842105263157895,0.7954812900427602
-2.7939698492462313,0.5789473684210527,0.7957121623625238
-2.7939698492462313,0.6736842105263159,0.7959823393515572
-2.7939698492462313,0.7684210526315789,0.7962911541053966
-2.7939698492462313,0.8631578947368421,0.7966379352789662
-2.7939698492462313,0.9578947368421054,0.7970220128443845
-2.7939698492462313,1.0526315789473684,0.7974427212917615
-2.7939698492462313,1.1473684210526316,0.797899401411072
-2.7939698492462313,1.2421052631578948,0.7983914012986443
-2.7939698492462313,1.3368421052631578,0.7989180769405437
-2.7939698492462313,1.431578947368421,0.7994787925628101
-2.7939698492462313,1.5263157894736843,0.8000729208508327
-2.7939698492462313,1.6210526315789473,0.8006998430928123
-2.7939698492462313,1.7157894736842105,0.8013589492771327
-2.7939698492462313,1.8105263157894738,0.8020496381599105
-2.7939698492462313,1.9052631578947368,0.8027713173116955
-2.7939698492462313,2.0,0.8035234031483721
-2.7537688442211055,0.2,0.754834728801838
-2.7537688442211055,0.2947368421052632,0.7549496165359959
-2.7537688442211055,0.3894736842105263,0.7551077363778301
-2.7537688442211055,0.4842105263157895,0.7553084637176687
-2.7537688442211055,0.5789473684210527,0.7555511103243716
-2.7537688442211055,0.6736842105263159,0.7558349549834509
-2.7537688442211055,0.7684210526315789,0.7561592622976577
-2.7537688442211055,0.8631578947368421,0.7565232934752419
-2.7537688442211055,0.9578947368421054,0.7569263123094141
-2.7537688442211055,1.0526315789473684,0.7573675884539509
-2.7537688442211055,1.1473684210526316,0.7578463992273895
-2.7537688442211055,1.2421052631578948,0.7583620306260302
-2.7537688442211055,1.3368421052631578,0.7589137779105659
-2.7537688442211055,1.431578947368421,0.7595009459598275
-2.7537688442211055,1.5263157894736843,0.7601228494938889
-2.7537688442211055,1.6210526315789473,0.7607788132210003
-2.7537688442211055,1.7157894736842105,0.7614681719373211
-2.7537688442211055,1.8105263157894738,0.7621902705952615
-2.7537688442211055,1.9052631578947368,0.762944464349065
-2.7537688442211055,2.0,0.7637301185824492
-2.7135678391959797,0.2,0.7146391643848649
-2.7135678391959797,0.2947368421052632,0.7147603645319364
-2.7135678391959797,0.3894736842105263,0.7149271153909597
-2.7135678391959797,0.4842105263157895,0.7151387167672563
-2.7135678391959797,0.5789473684210527,0.7153944007884822
-2.7135678391959797,0.6736842105263159,0.715693365816083
-2.7135678391959797,0.7684210526315789,0.7160347967649242
-2.7135678391959797,0.8631578947368421,0.7164178765122032
-2.7135678391959797,0.9578947368421054,0.7168417921037266
-2.7135678391959797,1.0526315789473684,0.7173057381038213
-2.7135678391959797,1.1473684210526316,0.7178089184216938
-2.7135678391959797,1.2421052631578948,0.7183505473319544
-2.7135678391959797,1.3368421052631578,0.7189298500661294
-2.7135678391959797,1.431578947368421,0.7195460631712487
-2.7135678391959797,1.5263157894736843,0.7201984347375837
-2.7135678391959797,1.6210526315789473,0.7208862245490459
-2.7135678391959797,1.7157894736842105,0.7216087041844983
-2.7135678391959797,1.8105263157894738,0.7223651570851687
-2.7135678391959797,1.9052631578947368,0.7231548785964893
-2.7135678391959797,2.0,0.7239771759891346
-2.6733668341708543,0.2,0.6744442378548705
-2.6733668341708543,0.2947368421052632,0.6745724850826009
-2.6733668341708543,0.3894736842105263,0.6747488634319094
-2.6733668341708543,0.4842105263157895,0.6749725830000327
-2.6733668341708543,0.5789473684210527,0.6752427818982565
-2.6733668341708543,0.6736842105263159,0.6755585639063899
-2.6733668341708543,0.7684210526315789,0.6759190204657636
-2.6733668341708543,0.8631578947368421,0.6763232427460296
-2.6733668341708543,0.9578947368421054,0.676770328083139
-2.6733668341708543,1.0526315789473684,0.6772593834030011
-2.6733668341708543,1.1473684210526316,0.6777895270705444
-2.6733668341708543,1.2421052631578948,0.6783598899194841
-2.6733668341708543,1.3368421052631578,0.6789696158505767
-2.6733668341708543,1.431578947368421,0.6796178621964659
-2.6733668341708543,1.5263157894736843,0.6803037999544198
-2.6733668341708543,1.6210526315789473,0.6810266139393798
-2.6733668341708543,1.7157894736842105,0.681785502884691
-2.6733668341708543,1.8105263157894738,0.682579679505237
-2.6733668341708543,1.9052631578947368,0.6834083705309884
-2.6733668341708543,2.0,0.6842708167157943
-2.633165829145729,0.2,0.6342500685393968
-2.633165829145729,0.2947368421052632,0.6343862337258405
-2.633165829145729,0.3894736842105263,0.6345734190507816
-2.633165829145729,0.4842105263157895,0.6348107271015945
-2.633165829145729,0.5789473684210527,0.6350971839548254
-2.633165829145729,0.6736842105263159,0.6354317811277057
-2.633165829145729,0.7684210526315789,0.6358134994160286
-2.633165829145729,0.8631578947368421,0.6362413216571461
-2.633165829145729,0.9578947368421054,0.6367142394039482
-2.633165829145729,1.0526315789473684,0.6372312564222696
-2.633165829145729,1.1473684210526316,0.6377913905640291
-2.633165829145729,1.2421052631578948,0.6383936748085347
-2.633165829145729,1.3368421052631578,0.639037157869658
-2.633165829145729,1.431578947368421,0.6397209045677588
-2.633165829145729,1.5263157894736843,0.6404439960666782
-2.633165829145729,1.6210526315789473,0.6412055300267967
-2.633165829145729,1.7157894736842105,0.6420046207007479
-2.633165829145729,1.8105263157894738,0.6428403989859726
-2.633165829145729,1.9052631578947368,0.6437120124421876
-2.633165829145729,2.0,0.6446186252785776
-2.592964824120603,0.2,0.5940568075347699
-2.592964824120603,0.2947368421052632,0.5942019336514539
-2.592964824120603,0.3894736842105263,0.5944013361401008
-2.592964824120603,0.4842105263157895,0.5946539873324329
-2.592964824120603,0.5789473684210527,0.5949587783834609
-2.592964824120603,0.6736842105263159,0.5953145661764702
-2.592964824120603,0.7684210526315789,0.5957201991960551
-2.592964824120603,0.8631578947368421,0.5961745310263421
-2.592964824120603,0.9578947368421054,0.5966764272650766
-2.592964824120603,1.0526315789473684,0.5972247690955472
-2.592964824120603,1.1473684210526316,0.5978184551862136
-2.592964824120603,1.2421052631578948,0.5984564027464727
-2.592964824120603,1.3368421052631578,0.5991375481442877
-2.592964824120603,1.431578947368421,0.5998608472847036
-2.592964824120603,1.5263157894736843,0.600625275847787
-2.592964824120603,1.6210526315789473,0.6014298294356473
-2.592964824120603,1.7157894736842105,0.6022735236543817
-2.592964824120603,1.8105263157894738,0.6031553941448998
-2.592964824120603,1.9052631578947368,0.6040744965708383
-2.592964824120603,2.0,0.6050299065688294
-2.5527638190954773,0.2,0.5538646490383274
-2.5527638190954773,0.2947368421052632,0.5540199996770234
-2.5527638190954773,0.3894736842105263,0.5542333245067818
-2.5527638190954773,0.4842105263157895,0.5545034360923506
-2.5527638190954773,0.5789473684210527,0.55482906115882
-2.5527638190954773,0.6736842105263159,0.5552088932311937
-2.5527638190954773,0.7684210526315789,0.5556416207532545
-2.5527638190954773,0.8631578947368421,0.5561259413605437
-2.5527638190954773,0.9578947368421054,0.5566605690387184
-2.5527638190954773,1.0526315789473684,0.5572442377720789
-2.5527638190954773,1.1473684210526316,0.5578757034730782
-2.5527638190954773,1.2421052631578948,0.5585537450550915
-2.5527638190954773,1.3368421052631578,0.5592771650603648
-2.5527638190954773,1.431578947368421,0.5600447900409431
-2.5527638190954773,1.5263157894736843,0.56085547078918
-2.5527638190954773,1.6210526315789473,0.5617080824662112
-2.5527638190954773,1.7157894736842105,0.5626015246537017
-2.5527638190954773,1.8105263157894738,0.5635347213430703
-2.5527638190954773,1.9052631578947368,0.5645066208709818
-2.5527638190954773,2.0,0.5655161958071987
-2.5125628140703515,0.2,0.5136738469058002
-2.5125628140703515,0.2947368421052632,0.5138409731964225
-2.5125628140703515,0.3894736842105263,0.514070308854548
-2.5125628140703515,0.4842105263157895,0.5143604677175623
-2.5125628140703515,0.5789473684210527,0.51470997338457
-2.5125628140703515,0.6736842105263159,0.5151173185241706
-2.5125628140703515,0.7684210526315789,0.5155809954717188
-2.5125628140703515,0.8631578947368421,0.5160995113167505
-2.5125628140703515,0.9578947368421054,0.5166713953105978
-2.5125628140703515,1.0526315789473684,0.5172952025948584
-2.5125628140703515,1.1473684210526316,0.517969516164322
-2.5125628140703515,1.2421052631578948,0.5186929479570556
-2.5125628140703515,1.3368421052631578,0.5194641394872545
-2.5125628140703515,1.431578947368421,0.5202817622167148
-2.5125628140703515,1.5263157894736843,0.5211445177593305
-2.5125628140703515,1.6210526315789473,0.5220511379662045
-2.5125628140703515,1.7157894736842105,0.5230003849168562
-2.5125628140703515,1.8105263157894738,0.5239910508316574
-2.5125628140703515,1.9052631578947368,0.5250219579156491
-2.5125628140703515,2.0,0.5260919581414283
-2.472361809045226,0.2,0.4734847394791922
-2.472361809045226,0.2947368421052632,0.473665574441492
-2.472361809045226,0.3894736842105263,0.47391351671267345
-2.472361809045226,0.4842105263157895,0.4742269289342585
-2.472361809045226,0.5789473684210527,0.4746040798422633
-2.472361809045226,0.6736842105263159,0.47504321136388433
-2.472361809045226,0.7684210526315789,0.475542571948676
-2.472361809045226,0.8631578947368421,0.47610043251043105
-2.472361809045226,0.9578947368421054,0.4767150940897967
-2.472361809045226,1.0526315789473684,0.47738489166669695
-2.472361809045226,1.1473684210526316,0.4781081961571984
-2.472361809045226,1.2421052631578948,0.47888341551357494
-2.472361809045226,1.3368421052631578,0.47970899534453676
-2.472361809045226,1.431578947368421,0.48058341924862086
-2.472361809045226,1.5263157894736843,0.4815052089538863
-2.472361809045226,1.6210526315789473,0.4824729243115309
-2.472361809045226,1.7157894736842105,0.48348516317050194
-2.472361809045226,1.8105263157894738,0.4845405611504823
-2.472361809045226,1.9052631578947368,0.4856377913260582
-2.472361809045226,2.0,0.48677556383256737
-2.4321608040201004,0.2,0.4332977879432901
-2.4321608040201004,0.2947368421052632,0.4334947829593384
-2.4321608040201004,0.3894736842105263,0.4337646133439414
-2.4321608040201004,0.4842105263157895,0.4341053182383599
-2.4321608040201004,0.5789473684210527,0.4345148407791321
-2.4321608040201004,0.6736842105263159,0.43499110433439053
-2.4321608040201004,0.7684210526315789,0.4355320488480953
-2.4321608040201004,0.8631578947368421,0.43613564767597424
-2.4321608040201004,0.9578947368421054,0.43679991550887837
-2.4321608040201004,1.0526315789473684,0.4375229122689661
-2.4321608040201004,1.1473684210526316,0.4383027451295141
-2.4321608040201004,1.2421052631578948,0.4391375695976291
-2.4321608040201004,1.3368421052631578,0.44002559007598224
-2.4321608040201004,1.431578947368421,0.4409650600946412
-2.4321608040201004,1.5263157894736843,0.44195428230637546
-2.4321608040201004,1.6210526315789473,0.44299160829567247
-2.4321608040201004,1.7157894736842105,0.4440754382325632
-2.4321608040201004,1.8105263157894738,0.44520422039320495
-2.4321608040201004,1.9052631578947368,0.44637645056504194
-2.4321608040201004,2.0,0.44759067135173336
-2.391959798994975,0.2,0.39311363767120855
-2.391959798994975,0.2947368421052632,0.3933299658246476
-2.391959798994975,0.3894736842105263,0.3936259157415573
-2.391959798994975,0.4842105263157895,0.39399910070658795
-2.391959798994975,0.5789473684210527,0.3944470389925643
-2.391959798994975,0.6736842105263159,0.39496724086984447
-2.391959798994975,0.7684210526315789,0.3955572482651375
-2.391959798994975,0.8631578947368421,0.3962146525279438
-2.391959798994975,0.9578947368421054,0.3969371026130602
-2.391959798994975,1.0526315789473684,0.3977223090415263
-2.391959798994975,1.1473684210526316,0.3985680458979055
-2.391959798994975,1.2421052631578948,0.39947215181804735
-2.391959798994975,1.3368421052631578,0.4004325303828736
-2.391959798994975,1.431578947368421,0.40144715011039256
-2.391959798994975,1.5263157894736843,0.4025140441441551
-2.391959798994975,1.6210526315789473,0.4036313096959164
-2.391959798994975,1.7157894736842105,0.40479710728208973
-2.391959798994975,1.8105263157894738,0.40600965978515463
-2.391959798994975,1.9052631578947368,0.4072672513663145
-2.391959798994975,2.0,0.4085682262529401
-2.351758793969849,0.2,0.3529332204185395
-2.351758793969849,0.2947368421052632,0.3531730902186426
-2.351758793969849,0.3894736842105263,0.35350074558024414
-2.351758793969849,0.4842105263157895,0.3539132243390319
-2.351758793969849,0.5789473684210527,0.3544074762654508
-2.351758793969849,0.6736842105263159,0.35498046282566814
-2.351758793969849,0.7684210526315789,0.3556292004715346
-2.351758793969849,0.8631578947368421,0.35635077935706627
-2.351758793969849,0.9578947368421054,0.3571423717442198
-2.351758793969849,1.0526315789473684,0.3580012359462953
-2.351758793969849,1.1473684210526316,0.3589247181622323
-2.351758793969849,1.2421052631578948,0.3599102531687255
-2.351758793969849,1.3368421052631578,0.36095536429085706
-2.351758793969849,1.431578947368421,0.36205766285379454
-2.351758793969849,1.5263157894736843,0.3632148472287023
-2.351758793969849,1.6210526315789473,0.3644247015477975
-2.351758793969849,1.7157894736842105,0.36568509414567407
-2.351758793969849,1.8105263157894738,0.3669939757746686
-2.351758793969849,1.9052631578947368,0.3683493776358604
-2.351758793969849,2.0,0.3697494092627545
-2.3115577889447234,0.2,0.31275793305927585
-2.3115577889447234,0.2947368421052632,0.31302709305387894
-2.3115577889447234,0.3894736842105263,0.31339403894656787
-2.3115577889447234,0.4842105263157895,0.3138550059487071
-2.3115577889447234,0.5789473684210527,0.31440615972346597
-2.3115577889447234,0.6736842105263159,0.3150437112866524
-2.3115577889447234,0.7684210526315789,0.3157639642276932
-2.3115577889447234,0.8631578947368421,0.3165633343233227
-2.3115577889447234,0.9578947368421054,0.3174383580036629
-2.3115577889447234,1.0526315789473684,0.3183856960017058
-2.3115577889447234,1.1473684210526316,0.31940213462745304
-2.3115577889447234,1.2421052631578948,0.3204845856573478
-2.3115577889447234,1.3368421052631578,0.3216300852850326
-2.3115577889447234,1.431578947368421,0.3228357923689534
-2.3115577889447234,1.5263157894736843,0.32409898612674537
-2.3115577889447234,1.6210526315789473,0.3254170633878329
-2.3115577889447234,1.7157894736842105,0.32678753549533807
-2.3115577889447234,1.8105263157894738,0.3282080249352548
-2.3115577889447234,1.9052631578947368,0.3296762617607641
-2.3115577889447234,2.0,0.33119007987064375
-2.271356783919598,0.2,0.27258996927232765
-2.271356783919598,0.2947368421052632,0.27289656181511396
-2.271356783919598,0.3894736842105263,0.2733134602797901
-2.271356783919598,0.4842105263157895,0.27383573566490116
-2.271356783919598,0.5789473684210527,0.2744584312296123
-2.271356783919598,0.6736842105263159,0.27517669535604494
-2.271356783919598,0.7684210526315789,0.27598583285145806
-2.271356783919598,0.8631578947368421,0.2768813251187519
-2.271356783919598,0.9578947368421054,0.2778588380810421
-2.271356783919598,1.0526315789473684,0.27891422467264393
-2.271356783919598,1.1473684210526316,0.2800435244493585
-2.271356783919598,1.2421052631578948,0.28124296138160626
-2.271356783919598,1.3368421052631578,0.2825089403580582
-2.271356783919598,1.431578947368421,0.2838380427216037
-2.271356783919598,1.5263157894736843,0.2852270210703771
-2.271356783919598,1.6210526315789473,0.2866727935095428
-2.271356783919598,1.7157894736842105,0.28817243750865446
-2.271356783919598,1.8105263157894738,0.28972318349531884
-2.271356783919598,1.9052631578947368,0.29132240829527684
-2.271356783919598,2.0,0.2929676285109637
-2.2311557788944723,0.2,0.2324329822067716
-2.2311557788944723,0.2947368421052632,0.23278908160527625
-2.2311557788944723,0.3894736842105263,0.23327158290239336
-2.2311557788944723,0.4842105263157895,0.23387378253346658
-2.2311557788944723,0.5789473684210527,0.234589040866934
-2.2311557788944723,0.6736842105263159,0.23541093604553195
-2.2311557788944723,0.7684210526315789,0.23633331879060415
-2.2311557788944723,0.8631578947368421,0.23735033165728306
-2.2311557788944723,0.9578947368421054,0.23845641429192796
-2.2311557788944723,1.0526315789473684,0.23964630206548965
-2.2311557788944723,1.1473684210526316,0.24091502088636207
-2.2311557788944723,1.2421052631578948,0.24225787948750566
-2.2311557788944723,1.3368421052631578,0.24367045994260123
-2.2311557788944723,1.431578947368421,0.24514860693992496
-2.2311557788944723,1.5263157894736843,0.24668841622261428
-2.2311557788944723,1.6210526315789473,0.24828622252366267
-2.2311557788944723,1.7157894736842105,0.24993858726079016
-2.2311557788944723,1.8105263157894738,0.2516422862038036
-2.2311557788944723,1.9052631578947368,0.2533942972819847
-2.2311557788944723,2.0,0.2551917886609342
-2.190954773869347,0.2,0.19229353995207998
-2.190954773869347,0.2947368421052632,0.19271815477661414
-2.190954773869347,0.3894736842105263,0.19329054726637057
-2.190954773869347,0.4842105263157895,0.19400112857595161
-2.190954773869347,0.5789473684210527,0.19484058268781823
-2.190954773869347,0.6736842105263159,0.19580004273176616
-2.190954773869347,0.7684210526315789,0.19687114526080615
-2.190954773869347,0.8631578947368421,0.19804604246536286
-2.190954773869347,0.9578947368421054,0.19931739706848725
-2.190954773869347,1.0526315789473684,0.20067836832661717
-2.190954773869347,1.1473684210526316,0.20212259271358352
-2.190954773869347,1.2421052631578948,0.2036441612692886
-2.190954773869347,1.3368421052631578,0.20523759494511223
-2.190954773869347,1.431578947368421,0.20689781892703318
-2.190954773869347,1.5263157894736843,0.20862013667755647
-2.190954773869347,1.6210526315789473,0.21040020425257516
-2.190954773869347,1.7157894736842105,0.21223400530068398
-2.190954773869347,1.8105263157894738,0.21411782703293603
-2.190954773869347,1.9052631578947368,0.21604823735556242
-2.190954773869347,2.0,0.21802206328323245
-2.150753768844221,0.2,0.1521847539841928
-2.150753768844221,0.2947368421052632,0.15271034154973606
-2.150753768844221,0.3894736842105263,0.15341321994987167
-2.150753768844221,0.4842105263157895,0.15427868431363775
-2.150753768844221,0.5789473684210527,0.15529282753595533
-2.150753768844221,0.6736842105263159,0.15644272806494322
-2.150753768844221,0.7684210526315789,0.15771648176231737
-2.150753768844221,0.8631578947368421,0.15910317996580367
-2.150753768844221,0.9578947368421054,0.1605928640876515
-2.150753768844221,1.0526315789473684,0.16217646836984018
-2.150753768844221,1.1473684210526316,0.16384575681989502
-2.150753768844221,1.2421052631578948,0.16559325810952855
-2.150753768844221,1.3368421052631578,0.16741220097533166
-2.150753768844221,1.431578947368421,0.16929645181892677
-2.150753768844221,1.5263157894736843,0.1712404555900531
-2.150753768844221,1.6210526315789473,0.17323918058434212
-2.150753768844221,1.7157894736842105,0.17528806746021622
-2.150753768844221,1.8105263157894738,0.1773829825481858
-2.150753768844221,1.9052631578947368,0.1795201753686702
-2.150753768844221,2.0,0.18169624017232397
-2.1105527638190953,0.2,0.1121371042909772
-2.1105527638190953,0.2947368421052632,0.11282593288444452
-2.1105527638190953,0.3894736842105263,0.11373447491801454
-2.1105527638190953,0.4842105263157895,0.11483780416486211
-2.1105527638190953,0.5789473684210527,0.11611335685766963
-2.1105527638190953,0.6736842105263159,0.11754102435111669
-2.1105527638190953,0.7684210526315789,0.11910303201333097
-2.1105527638190953,0.8631578947368421,0.12078374751304329
-2.1105527638190953,0.9578947368421054,0.12256946599549988
-2.1105527638190953,1.0526315789473684,0.12444819396363455
-2.1105527638190953,1.1473684210526316,0.1264094434497345
-2.1105527638190953,1.2421052631578948,0.12844404249283814
-2.1105527638190953,1.3368421052631578,0.13054396452346823
-2.1105527638190953,1.431578947368421,0.13270217715197968
-2.1105527638190953,1.5263157894736843,0.13491250961554022
-2.1105527638190953,1.6210526315789473,0.13716953746893418
-2.1105527638190953,1.7157894736842105,0.13946848280235552
-2.1105527638190953,1.8105263157894738,0.14180512819454474
-2.1105527638190953,1.9052631578947368,0.1441757426675088
-2.1105527638190953,2.0,0.1465770180379985
-2.07035175879397,0.2,0.07224115639725953
-2.07035175879397,0.2947368421052632,0.07323619337822872
-2.07035175879397,0.3894736842105263,0.07451155678147801
-2.07035175879397,0.4842105263157895,0.07601844314303727
-2.07035175879397,0.5789473684210527,0.07771650087159203
-2.07035175879397,0.6736842105263159,0.07957277910361514
-2.07035175879397,0.7684210526315789,0.08156050304452736
-2.07035175879397,0.8631578947368421,0.08365793542503697
-2.07035175879397,0.9578947368421054,0.08584739869839524
-2.07035175879397,1.0526315789473684,0.08811446825886518
-2.07035175879397,1.1473684210526316,0.09044732148993274
-2.07035175879397,1.2421052631578948,0.09283621901359956
-2.07035175879397,1.3368421052631578,0.09527309385491159
-2.07035175879397,1.431578947368421,0.09775122679262946
-2.07035175879397,1.5263157894736843,0.10026498970523584
-2.07035175879397,1.6210526315789473,0.102809642225329
-2.07035175879397,1.7157894736842105,0.10538117008692374
-2.07035175879397,1.8105263157894738,0.10797615608544062
-2.07035175879397,1.9052631578947368,0.11059167659489373
-2.07035175879397,2.0,0.11322521817354925
-2.030150753768844,0.2,0.03293116164281128
-2.030150753768844,0.2947368421052632,0.03467127049645275
-2.030150753768844,0.3894736842105263,0.03672515401118831
-2.030150753768844,0.4842105263157895,0.03898929496683204
-2.030150753768844,0.5789473684210527,0.041398330086009384
-2.030150753768844,0.6736842105263159,0.04391003537679457
-2.030150753768844,0.7684210526315789,0.046496357032327615
-2.030150753768844,0.8631578947368421,0.04913812001667451
-2.030150753768844,0.9578947368421054,0.051821863925310525
-2.030150753768844,1.0526315789473684,0.054537907189741636
-2.030150753768844,1.1473684210526316,0.05727913194743547
-2.030150753768844,1.2421052631578948,0.06004020139708366
-2.030150753768844,1.3368421052631578,0.06281704317259447
-2.030150753768844,1.431578947368421,0.065606500410833
-2.030150753768844,1.5263157894736843,0.06840609104570362
-2.030150753768844,1.6210526315789473,0.07121383850826506
-2.030150753768844,1.7157894736842105,0.07402815051607795
-2.030150753768844,1.8105263157894738,0.07684773086907175
-2.030150753768844,1.9052631578947368,0.07967151429994718
-2.030150753768844,2.0,0.08249861769007832
-1.9899497487437188,0.2,0.0015641803937772438
-1.9899497487437188,0.2947368421052632,0.003990476294763029
-1.9899497487437188,0.3894736842105263,0.006678660631235474
-1.9899497487437188,0.4842105263157895,0.009467906907358261
-1.9899497487437188,0.5789473684210527,0.01230477835486198
-1.9899497487437188,0.6736842105263159,0.01516696048808456
-1.9899497487437188,0.7684210526315789,0.01804357746446392
-1.9899497487437188,0.8631578947368421,0.020928718765631064
-1.9899497487437188,0.9578947368421054,0.023818903537647883
-1.9899497487437188,1.0526315789473684,0.0267119515918404
-1.9899497487437188,1.1473684210526316,0.029606429340659875
-1.9899497487437188,1.2421052631578948,0.03250135631936363
-1.9899497487437188,1.3368421052631578,0.03539603988193653
-1.9899497487437188,1.431578947368421,0.03828997726417001
-1.9899497487437188,1.5263157894736843,0.04118279505096615
-1.9899497487437188,1.6210526315789473,0.04407421039263224
-1.9899497487437188,1.7157894736842105,0.046964005375293626
-1.9899497487437188,1.8105263157894738,0.04985200962230276
-1.9899497487437188,1.9052631578947368,0.05273808820118358
-1.9899497487437188,2.0,0.05562213304089715
-1.949748743718593,0.2,3.349351530861056e-10
-1.949748743718593,0.2947368421052632,4.542739604259905e-06
-1.949748743718593,0.3894736842105263,9.38282736768261e-05
-1.949748743718593,0.4842105263157895,0.00043307184300731845
-1.949748743718593,0.5789473684210527,0.0011265103234168999
-1.949748743718593,0.6736842105263159,0.002186332895145945
-1.949748743718593,0.7684210526315789,0.003572918996103579
-1.949748743718593,0.8631578947368421,0.0052306404148906365
-1.949748743718593,0.9578947368421054,0.007105916917231796
-1.949748743718593,1.0526315789473684,0.009153499012780108
-1.949748743718593,1.1473684210526316,0.011337273277498219
-1.949748743718593,1.2421052631578948,0.013629099333857163
-1.949748743718593,1.3368421052631578,0.016007218558440655
-1.949748743718593,1.431578947368421,0.018454794161611887
-1.949748743718593,1.5263157894736843,0.02095872932820504
-1.949748743718593,1.6210526315789473,0.02350875914929001
-1.949748743718593,1.7157894736842105,0.02609676844604208
-1.949748743718593,1.8105263157894738,0.028716283403722877
-1.949748743718593,1.9052631578947368,0.03136209288002123
-1.949748743718593,2.0,0.034029965226671455
-1.9095477386934672,0.2,3.1823524879325517e-10
-1.9095477386934672,0.2947368421052632,1.0646036194889565e-13
-1.9095477386934672,0.3894736842105263,1.7287046542814483e-07
-1.9095477386934672,0.4842105263157895,5.843045298261715e-06
-1.9095477386934672,0.5789473684210527,4.202425769729091e-05
-1.9095477386934672,0.6736842105263159,0.0001546128931491403
-1.9095477386934672,0.7684210526315789,0.00039414340620635307
-1.9095477386934672,0.8631578947368421,0.0008009566578966032
-1.9095477386934672,0.9578947368421054,0.001399257445903266
-1.9095477386934672,1.0526315789473684,0.0021978407964487806
-1.9095477386934672,1.1473684210526316,0.003193737956607819
-1.9095477386934672,1.2421052631578948,0.004376318027470174
-1.9095477386934672,1.3368421052631578,0.005730729097164502
-1.9095477386934672,1.431578947368421,0.007240382778168264
-1.9095477386934672,1.5263157894736843,0.008888565358427228
-1.9095477386934672,1.6210526315789473,0.010659381215926064
-1.9095477386934672,1.7157894736842105,0.012538236061725418
-1.9095477386934672,1.8105263157894738,0.014512026478020228
-1.9095477386934672,1.9052631578947368,0.016569154771820693
-1.9095477386934672,2.0,0.018699448226077463
-1.8693467336683418,0.2,2.646938920973762e-10
-1.8693467336683418,0.2947368421052632,2.6206118984955022e-14
-1.8693467336683418,0.3894736842105263,1.969177975102606e-11
-1.8693467336683418,0.4842105263157895,3.207497371501179e-08
-1.8693467336683418,0.5789473684210527,9.241853063002348e-07
-1.8693467336683418,0.6736842105263159,7.407106495244203e-06
-1.8693467336683418,0.7684210526315789,3.1553410774936995e-05
-1.8693467336683418,0.8631578947368421,9.27592934836638e-05
-1.8693467336683418,0.9578947368421054,0.00021449262318132774
-1.8693467336683418,1.0526315789473684,0.00042023368667030677
-1.8693467336683418,1.1473684210526316,0.0007303343783227248
-1.8693467336683418,1.2421052631578948,0.0011603054970739173
-1.8693467336683418,1.3368421052631578,0.0017203367605041003
-1.8693467336683418,1.431578947368421,0.002415634709944801
-1.8693467336683418,1.5263157894736843,0.0032471910309435207
-1.8693467336683418,1.6210526315789473,0.004212700761491225
-1.8693467336683418,1.7157894736842105,0.005307458094209737
-1.8693467336683418,1.8105263157894738,0.006525140760706118
-1.8693467336683418,1.9052631578947368,0.007858449347227854
-1.8693467336683418,2.0,0.009299600525552218
-1.829145728643216,0.2,2.842338026633143e-10
-1.829145728643216,0.2947368421052632,3.2465672483742434e-14
-1.829145728643216,0.3894736842105263,4.2303774453340877e-16
-1.829145728643216,0.4842105263157895,5.5591814057768736e-11
-1.829145728643216,0.5789473684210527,1.247122274474648e-08
-1.829145728643216,0.6736842105263159,2.6331122950961717e-07
-1.829145728643216,0.7684210526315789,2.0314189807012217e-06
-1.829145728643216,0.8631578947368421,9.003262563142164e-06
-1.829145728643216,0.9578947368421054,2.8224514929749745e-05
-1.829145728643216,1.0526315789473684,7.003644274065149e-05
-1.829145728643216,1.1473684210526316,0.0001471287286578468
-1.829145728643216,1.2421052631578948,0.0002731943879478601
-1.829145728643216,1.3368421052631578,0.00046162597841217074
-1.829145728643216,1.431578947368421,0.0007245012741560686
-1.829145728643216,1.5263157894736843,0.001071934948290253
-1.829145728643216,1.6210526315789473,0.001511768298131188
-1.829145728643216,1.7157894736842105,0.002049523317522591
-1.829145728643216,1.8105263157894738,0.0026885385880184636
-1.829145728643216,1.9052631578947368,0.0034302140100512654
-1.829145728643216,2.0,0.004274307583341891
-1.7889447236180902,0.2,5.114693522703172e-10
-1.7889447236180902,0.2947368421052632,3.2644705110195404e-14
-1.7889447236180902,0.3894736842105263,0.2115386427741474
-1.7889447236180902,0.4842105263157895,1.2194623179858529e-14
-1.7889447236180902,0.5789473684210527,9.539146082288586e-11
-1.7889447236180902,0.6736842105263159,7.004251562350054e-09
-1.7889447236180902,0.7684210526315789,1.0833580021154052e-07
-1.7889447236180902,0.8631578947368421,7.597083678943447e-07
-1.7889447236180902,0.9578947368421054,3.315742904568012e-06
-1.7889447236180902,1.0526315789473684,1.0589347061089831e-05
-1.7889447236180902,1.1473684210526316,2.7170577695056423e-05
-1.7889447236180902,1.2421052631578948,5.9386268480848444e-05
-1.7889447236180902,1.3368421052631578,0.00011494870309057298
-1.7889447236180902,1.431578947368421,0.00020242444090148626
-1.7889447236180902,1.5263157894736843,0.00033065767992404387
-1.7889447236180902,1.6210526315789473,0.00050824604709194
-1.7889447236180902,1.7157894736842105,0.0007431226437518564
-1.7889447236180902,1.8105263157894738,0.001042262389400021
-1.7889447236180902,1.9052631578947368,0.0014115073510031452
-1.7889447236180902,2.0,0.0018554933393617177
-1.7487437185929648,0.2,8.683532640833878e-11
-1.7487437185929648,0.2947368421052632,3.078792271448389e-14
-1.7487437185929648,0.3894736842105263,2.9576450290080364e-16
-1.7487437185929648,0.4842105263157895,1.5464482946324733e-16
-1.7487437185929648,0.5789473684210527,3.437818371580448e-13
-1.7487437185929648,0.6736842105263159,1.3593533889834873e-10
-1.7487437185929648,0.7684210526315789,4.808074748121872e-09
-1.7487437185929648,0.8631578947368421,5.64938392571025e-08
-1.7487437185929648,0.9578947368421054,3.537147078345596e-07
-1.7487437185929648,1.0526315789473684,1.4795937867191321e-06
-1.7487437185929648,1.1473684210526316,4.688499921282315e-06
-1.7487437185929648,1.2421052631578948,1.2151890298781887e-05
-1.7487437185929648,1.3368421052631578,2.708331668452973e-05
-1.7487437185929648,1.431578947368421,5.371463036738575e-05
-1.7487437185929648,1.5263157894736843,9.714216666524795e-05
-1.7487437185929648,1.6210526315789473,0.00016308656469695597
-1.7487437185929648,1.7157894736842105,0.0002576143328587079
-1.7487437185929648,1.8105263157894738,0.0003868614150589399
-1.7487437185929648,1.9052631578947368,0.0005567865019611075
-1.7487437185929648,2.0,0.0007729695368982592
-1.708542713567839,0.2,5.70529746335022e-10
-1.708542713567839,0.2947368421052632,6.480826016532406e-15
-1.708542713567839,0.3894736842105263,3.175626897332099e-16
-1.708542713567839,0.4842105263157895,4.444452014938446e-16
-1.708542713567839,0.5789473684210527,1.3773722581383454e-16
-1.708542713567839,0.6736842105263159,1.8282513190470133e-12
-1.708542713567839,0.7684210526315789,1.7622744517005845e-10
-1.708542713567839,0.8631578947368421,3.7161574572725125e-09
-1.708542713567839,0.9578947368421054,3.4531381393342115e-08
-1.708542713567839,1.0526315789473684,1.928588686640289e-07
-1.708542713567839,1.1473684210526316,7.637219621412454e-07
-1.708542713567839,1.2421052631578948,2.3656229675926133e-06
-1.708542713567839,1.3368421052631578,6.10335947906118e-06
-1.708542713567839,1.431578947368421,1.3685263144888135e-05
-1.708542713567839,1.5263157894736843,2.7478417742860337e-05
-1.708542713567839,1.6210526315789473,5.049428303260269e-05
-1.708542713567839,1.7157894736842105,8.631277770929926e-05
-1.708542713567839,1.8105263157894738,0.00013896177500568078
-1.708542713567839,1.9052631578947368,0.00021277154272637139
-1.708542713567839,2.0,0.00031222194253021263
-1.6683417085427137,0.2,4.2479565377506944e-10
-1.6683417085427137,0.2947368421052632,3.437770780527727e-14
-1.6683417085427137,0.3894736842105263,5.311132625500961e-17
-1.6683417085427137,0.4842105263157895,2.7225780072870668e-17
-1.6683417085427137,0.5789473684210527,9.792918825518903e-16
-1.6683417085427137,0.6736842105263159,1.566802381461853e-14
-1.6683417085427137,0.7684210526315789,5.24795915135496e-12
-1.6683417085427137,0.8631578947368421,2.158952856758023e-10
-1.6683417085427137,0.9578947368421054,3.094866267706343e-09
-1.6683417085427137,1.0526315789473684,2.3569680813725814e-08
-1.6683417085427137,1.1473684210526316,1.1813045383538717e-07
-1.6683417085427137,1.2421052631578948,4.408885239151805e-07
-1.6683417085427137,1.3368421052631578,1.324144852190209e-06
-1.6683417085427137,1.431578947368421,3.3699537002948087e-06
-1.6683417085427137,1.5263157894736843,7.534173084586122e-06
-1.6683417085427137,1.6210526315789473,1.5186698115776328e-05
-1.6683417085427137,1.7157894736842105,2.8138171754867318e-05
-1.6683417085427137,1.8105263157894738,4.86309471952145e-05
-1.6683417085427137,1.9052631578947368,7.92980782052554e-05
-1.6683417085427137,2.0,0.00012309773885325992
-1.6281407035175879,0.2,5.385486920717053e-11
-1.6281407035175879,0.2947368421052632,2.944277611974967e-14
-1.6281407035175879,0.3894736842105263,2.4538915629997935e-16
-1.6281407035175879,0.4842105263157895,3.599551211472401e-17
-1.6281407035175879,0.5789473684210527,1.6469658071253338e-16
-1.6281407035175879,0.6736842105263159,2.37585368276726e-16
-1.6281407035175879,0.7684210526315789,1.2410669385101905e-13
-1.6281407035175879,0.8631578947368421,1.1021025683907676e-11
-1.6281407035175879,0.9578947368421054,2.5477969605742795e-10
-1.6281407035175879,1.0526315789473684,2.7078977877784055e-09
-1.6281407035175879,1.1473684210526316,1.741235710488414e-08
-1.6281407035175879,1.2421052631578948,7.898156463226689e-08
-1.6281407035175879,1.3368421052631578,2.777338813124898e-07
-1.6281407035175879,1.431578947368421,8.055314992554025e-07
-1.6281407035175879,1.5263157894736843,2.0111477155144256e-06
-1.6281407035175879,1.6210526315789473,4.456568179114003e-06
-1.6281407035175879,1.7157894736842105,8.965167262633182e-06
-1.6281407035175879,1.8105263157894738,1.6654676309974776e-05
-1.6281407035175879,1.9052631578947368,2.8951044607968447e-05
-1.6281407035175879,2.0,4.758253220644398e-05
-1.587939698492462,0.2,2.5699330073240596e-10
-1.587939698492462,0.2947368421052632,3.611458730915942e-15
-1.587939698492462,0.3894736842105263,0.3952803744886798
-1.587939698492462,0.4842105263157895,3.187301836465166e-16
-1.587939698492462,0.5789473684210527,0.4127185537950534
-1.587939698492462,0.6736842105263159,2.2374920428281616e-16
-1.587939698492462,0.7684210526315789,2.5255589434637164e-15
-1.587939698492462,0.8631578947368421,4.901367981607201e-13
-1.587939698492462,0.9578947368421054,1.9243000091956883e-11
-1.587939698492462,1.0526315789473684,2.928127983363873e-10
-1.587939698492462,1.1473684210526316,2.4511342779434756e-09
-1.587939698492462,1.2421052631578948,1.3635739686141517e-08
-1.587939698492462,1.3368421052631578,5.647928273061793e-08
-1.587939698492462,1.431578947368421,1.8746471069882862e-07
-1.587939698492462,1.5263157894736843,5.242447019657684e-07
-1.587939698492462,1.6210526315789473,1.2799263966889047e-06
-1.587939698492462,1.7157894736842105,2.8002767330219003e-06
-1.587939698492462,1.8105263157894738,5.598958342044975e-06
-1.587939698492462,1.9052631578947368,1.0386294369337029e-05
-1.587939698492462,2.0,1.8088294748278048e-05
-1.5477386934673367,0.2,4.476704781954533e-10
-1.5477386934673367,0.2947368421052632,1.8749683606817862e-14
-1.5477386934673367,0.3894736842105263,3.52391112731707e-16
-1.5477386934673367,0.4842105263157895,4.577501546475759e-16
-1.5477386934673367,0.5789473684210527,6.161666206600799e-16
-1.5477386934673367,0.6736842105263159,2.6463617477258816e-16
-1.5477386934673367,0.7684210526315789,2.243160491707178e-16
-1.5477386934673367,0.8631578947368421,1.887526387782357e-14
-1.5477386934673367,0.9578947368421054,1.3306552676537975e-12
-1.5477386934673367,1.0526315789473684,2.980938451012892e-11
-1.5477386934673367,1.1473684210526316,3.299563312392196e-10
-1.5477386934673367,1.2421052631578948,2.272806738778584e-09
-1.5477386934673367,1.3368421052631578,1.1158121629945767e-08
-1.5477386934673367,1.431578947368421,4.256571499971033e-08
-1.5477386934673367,1.5263157894736843,1.3373859790881508e-07
-1.5477386934673367,1.6210526315789473,3.6056281139571693e-07
-1.5477386934673367,1.7157894736842105,8.593979220928405e-07
-1.5477386934673367,1.8105263157894738,1.8518226420675496e-06
-1.5477386934673367,1.9052631578947368,3.669662122021326e-06
-1.5477386934673367,2.0,6.777571333298704e-06
-1.507537688442211,0.2,5.452603839646213e-10
-1.507537688442211,0.2947368421052632,3.093720195379337e-14
-1.507537688442211,0.3894736842105263,0.4483620469192894
-1.507537688442211,0.4842105263157895,8.411116153781545e-18
-1.507537688442211,0.5789473684210527,2.2920275132210184e-16
-1.507537688442211,0.6736842105263159,2.350958611804879e-16
-1.507537688442211,0.7684210526315789,1.9523910065788064e-16
-1.507537688442211,0.8631578947368421,9.972397937060015e-16
-1.507537688442211,0.9578947368421054,8.672793464459479e-14
-1.507537688442211,1.0526315789473684,2.8535532761625757e-12
-1.507537688442211,1.1473684210526316,4.250541248426471e-11
-1.507537688442211,1.2421052631578948,3.66193740283808e-10
-1.507537688442211,1.3368421052631578,2.1447210847681576e-09
-1.507537688442211,1.431578947368421,9.444736321396044e-09
-1.507537688442211,1.5263157894736843,3.344440887587418e-08
-1.507537688442211,1.6210526315789473,9.979580291295747e-08
-1.507537688442211,1.7157894736842105,2.595781833625407e-07
-1.507537688442211,1.8105263157894738,6.035936242155196e-07
-1.507537688442211,1.9052631578947368,1.2790657661375745e-06
-1.507537688442211,2.0,2.5073127110339526e-06
-1.4673366834170856,0.2,5.808218614560827e-10
-1.4673366834170856,0.2947368421052632,3.834624746956197e-14
-1.4673366834170856,0.3894736842105263,4.0670706714325697e-16
-1.4673366834170856,0.4842105263157895,0.52787160006415
-1.4673366834170856,0.5789473684210527,7.216461223486029e-16
-1.4673366834170856,0.6736842105263159,6.588412966770731e-17
-1.4673366834170856,0.7684210526315789,2.4128921102048286e-16
-1.4673366834170856,0.8631578947368421,4.2916102751076974e-17
-1.4673366834170856,0.9578947368421054,5.899364081582373e-15
-1.4673366834170856,1.0526315789473684,2.5620006585805586e-13
-1.4673366834170856,1.1473684210526316,5.241445813377527e-12
-1.4673366834170856,1.2421052631578948,5.7081591765250084e-11
-1.4673366834170856,1.3368421052631578,4.015187803917686e-10
-1.4673366834170856,1.431578947368421,2.0503817121243124e-09
-1.4673366834170856,1.5263157894736843,8.208869177008663e-09
-1.4673366834170856,1.6210526315789473,2.7173121410105768e-08
-1.4673366834170856,1.7157894736842105,7.726595679266173e-08
-1.4673366834170856,1.8105263157894738,1.9413782738648512e-07
-1.4673366834170856,1.9052631578947368,4.403804296377588e-07
-1.4673366834170856,2.0,9.169945372085533e-07
-1.4271356783919598,0.2,5.651763068531509e-10
-1.4271356783919598,0.2947368421052632,4.207962169321385e-14
-1.4271356783919598,0.3894736842105263,1.6532681168201976e-17
-1.4271356783919598,0.4842105263157895,1.642947702615773e-16
-1.4271356783919598,0.5789473684210527,0.5730451811531443
-1.4271356783919598,0.6736842105263159,3.5214915669155594e-16
-1.4271356783919598,0.7684210526315789,2.8733026758371444e-16
-1.4271356783919598,0.8631578947368421,0.5745155144890894
-1.4271356783919598,0.9578947368421054,5.146025524319494e-16
-1.4271356783919598,1.0526315789473684,2.089148055085138e-14
-1.4271356783919598,1.1473684210526316,6.170997805352515e-13
-1.4271356783919598,1.2421052631578948,8.61308345907357e-12
-1.4271356783919598,1.3368421052631578,7.327706165705001e-11
-1.4271356783919598,1.431578947368421,4.3591954401783e-10
-1.4271356783919598,1.5263157894736843,1.9795694278636743e-09
-1.4271356783919598,1.6210526315789473,7.286327082405601e-09
-1.4271356783919598,1.7157894736842105,2.2688426226507295e-08
-1.4271356783919598,1.8105263157894738,6.168039037261444e-08
-1.4271356783919598,1.9052631578947368,1.499277342387764e-07
-1.4271356783919598,2.0,3.318928106043251e-07
-1.386934673366834,0.2,4.896512886962521e-10
-1.386934673366834,0.2947368421052632,4.218841810990966e-14
-1.386934673366834,0.3894736842105263,3.712323562394127e-16
-1.386934673366834,0.4842105263157895,0.5909600301083197
-1.386934673366834,0.5789473684210527,0.6131667717339606
-1.386934673366834,0.6736842105263159,1.408598101801825e-15
-1.386934673366834,0.7684210526315789,5.0061618950969124e-17
-1.386934673366834,0.8631578947368421,1.1758292927877568e-16
-1.386934673366834,0.9578947368421054,8.881784197001252e-16
-1.386934673366834,1.0526315789473684,2.828384364443849e-15
-1.386934673366834,1.1473684210526316,6.721788202820991e-14
-1.386934673366834,1.2421052631578948,1.258849363932431e-12
-1.386934673366834,1.3368421052631578,1.3043810017564266e-11
-1.386934673366834,1.431578947368421,9.082940893654872e-11
-1.386934673366834,1.5263157894736843,4.693986542410974e-10
-1.386934673366834,1.6210526315789473,1.9256735756070264e-09
-1.386934673366834,1.7157894736842105,6.577846867959237e-09
-1.386934673366834,1.8105263157894738,1.937415607210523e-08
-1.386934673366834,1.9052631578947368,5.051506207532731e-08
-1.386934673366834,2.0,1.1897783525232417e-07
-1.3467336683417086,0.2,3.3606161903269856e-10
-1.3467336683417086,0.2947368421052632,4.157351021925647e-14
-1.3467336683417086,0.3894736842105263,1.9737222924273335e-16
-1.3467336683417086,0.4842105263157895,0.6188886549207231
-1.3467336683417086,0.5789473684210527,0.653297496739356
-1.3467336683417086,0.6736842105263159,7.2165392697022e-16
-1.3467336683417086,0.7684210526315789,0.654094233743913
-1.3467336683417086,0.8631578947368421,0.6545785811373183
-1.3467336683417086,0.9578947368421054,0.6551225664529361
-1.3467336683417086,1.0526315789473684,7.292663078155455e-16
-1.3467336683417086,1.1473684210526316,5.934934434245103e-15
-1.3467336683417086,1.2421052631578948,1.7794351967795322e-13
-1.3467336683417086,1.3368421052631578,2.266087053868375e-12
-1.3467336683417086,1.431578947368421,1.8560921228580893e-11
-1.3467336683417086,1.5263157894736843,1.0952131250217305e-10
-1.3467336683417086,1.6210526315789473,5.019550993855856e-10
-1.3467336683417086,1.7157894736842105,1.88422657260169e-09
-1.3467336683417086,1.8105263157894738,6.02063827637794e-09
-1.3467336683417086,1.9052631578947368,1.68557689336082e-08
-1.3467336683417086,2.0,4.227395781220324e-08
-1.3065326633165828,0.2,9.258306715443162e-11
-1.3065326633165828,0.2947368421052632,3.678998480807672e-14
-1.3065326633165828,0.3894736842105263,1.158259957234356e-15
-1.3065326633165828,0.4842105263157895,0.6448237940003813
-1.3065326633165828,0.5789473684210527,0.6929486199960225
-1.3065326633165828,0.6736842105263159,2.7759482992894805e-16
-1.3065326633165828,0.7684210526315789,6.817239955440116e-16
-1.3065326633165828,0.8631578947368421,0.6946409408358074
-1.3065326633165828,0.9578947368421054,0.6951510981843095
-1.3065326633165828,1.0526315789473684,0.6957176773441202
-1.3065326633165828,1.1473684210526316,1.2276102481555783e-15
-1.3065326633165828,1.2421052631578948,2.4115584676858572e-14
-1.3065326633165828,1.3368421052631578,3.8544227683173964e-13
-1.3065326633165828,1.431578947368421,3.7227568091477625e-12
-1.3065326633165828,1.5263157894736843,2.5158408279400804e-11
-1.3065326633165828,1.6210526315789473,1.2913045351736654e-10
-1.3065326633165828,1.7157894736842105,5.335973475293899e-10
-1.3065326633165828,1.8105263157894738,1.8521064733263636e-09
-1.3065326633165828,1.9052631578947368,5.573419252693755e-09
-1.3065326633165828,2.0,1.4896092635449662e-08
-1.2663316582914574,0.2,2.2616699036278372e-10
-1.2663316582914574,0.2947368421052632,3.046250483428066e-14
-1.2663316582914574,0.3894736842105263,7.494005416220142e-16
-1.2663316582914574,0.4842105263157895,7.56171214791902e-16
-1.2663316582914574,0.5789473684210527,2.0354502423571214e-16
-1.2663316582914574,0.6736842105263159,5.81538990327041e-16
-1.2663316582914574,0.7684210526315789,9.020812948831368e-16
-1.2663316582914574,0.8631578947368421,6.181086611312472e-16
-1.2663316582914574,0.9578947368421054,2.649059757442858e-15
-1.2663316582914574,1.0526315789473684,0.7357326045945219
-1.2663316582914574,1.1473684210526316,1.2227962652927748e-15
-1.2663316582914574,1.2421052631578948,4.823606084247391e-15
-1.2663316582914574,1.3368421052631578,6.146121866802113e-14
-1.2663316582914574,1.431578947368421,7.321836859138206e-13
-1.2663316582914574,1.5263157894736843,5.693836833316942e-12
-1.2663316582914574,1.6210526315789473,3.2795855932466795e-11
-1.2663316582914574,1.7157894736842105,1.494687362406875e-10
-1.2663316582914574,1.8105263157894738,5.643124918522153e-10
-1.2663316582914574,1.9052631578947368,1.827094941232989e-09
-1.2663316582914574,2.0,5.208135777656139e-09
-1.2261306532663316,0.2,5.613570889343604e-10
-1.2261306532663316,0.2947368421052632,1.5808814200951546e-14
-1.2261306532663316,0.3894736842105263,7.979728170942136e-17
-1.2261306532663316,0.4842105263157895,0.6916738343052117
-1.2261306532663316,0.5789473684210527,2.2152525919833227e-15
-1.2261306532663316,0.6736842105263159,4.2314408346719047e-16
-1.2261306532663316,0.7684210526315789,1.622065798582974e-16
-1.2261306532663316,0.8631578947368421,8.978866332859927e-16
-1.2261306532663316,0.9578947368421054,0.7752643639583147
-1.2261306532663316,1.0526315789473684,2.2204460407059885e-16
-1.2261306532663316,1.1473684210526316,8.881600242347054e-16
-1.2261306532663316,1.2421052631578948,6.844277476619653e-16
-1.2261306532663316,1.3368421052631578,1.0939052393976462e-14
-1.2261306532663316,1.431578947368421,1.438869594075181e-13
-1.2261306532663316,1.5263157894736843,1.2698641106624233e-12
-1.2261306532663316,1.6210526315789473,8.229835461704836e-12
-1.2261306532663316,1.7157894736842105,4.1429899488384804e-11
-1.2261306532663316,1.8105263157894738,1.7036247395806617e-10
-1.2261306532663316,1.9052631578947368,5.940995567102634e-10
-1.2261306532663316,2.0,1.8075609701676404e-09
-1.1859296482412058,0.2,8.076238280143371e-10
-1.1859296482412058,0.2947368421052632,2.807127615374323e-15
-1.1859296482412058,0.3894736842105263,1.1344744656766396e-15
-1.1859296482412058,0.4842105263157895,0.7129365630776052
-1.1859296482412058,0.5789473684210527,5.696234285654232e-16
-1.1859296482412058,0.6736842105263159,1.2143064331824757e-16
-1.1859296482412058,0.7684210526315789,0.8145298813688275
-1.1859296482412058,0.8631578947368421,0.814913425921243
-1.1859296482412058,0.9578947368421054,2.9776339802862827e-15
-1.1859296482412058,1.0526315789473684,1.273938271134542e-16
-1.1859296482412058,1.1473684210526316,6.661343282885285e-16
-1.1859296482412058,1.2421052631578948,0.8169167554722738
-1.1859296482412058,1.3368421052631578,1.504218081339684e-15
-1.1859296482412058,1.431578947368421,3.070308552886677e-14
-1.1859296482412058,1.5263157894736843,2.772644426080243e-13
-1.1859296482412058,1.6210526315789473,2.044567112123469e-12
-1.1859296482412058,1.7157894736842105,1.136954551504659e-11
-1.1859296482412058,1.8105263157894738,5.098678102622142e-11
-1.1859296482412058,1.9052631578947368,1.9168395537334788e-10
-1.1859296482412058,2.0,6.229703376767737e-10
-1.1457286432160805,0.2,8.408540336686542e-10
-1.1457286432160805,0.2947368421052632,2.4983950950431597e-14
-1.1457286432160805,0.3894736842105263,8.339412060228243e-16
-1.1457286432160805,0.4842105263157895,0.7328425411113079
-1.1457286432160805,0.5789473684210527,4.593869935689439e-16
-1.1457286432160805,0.6736842105263159,8.105577307318459e-16
-1.1457286432160805,0.7684210526315789,3.1650200219890906e-15
-1.1457286432160805,0.8631578947368421,8.881784197001252e-16
-1.1457286432160805,0.9578947368421054,6.910547379090745e-17
-1.1457286432160805,1.0526315789473684,0.8558871788478032
-1.1457286432160805,1.1473684210526316,4.440892112888074e-16
-1.1457286432160805,1.2421052631578948,4.773962461918633e-15
-1.1457286432160805,1.3368421052631578,3.910426831678057e-15
-1.1457286432160805,1.431578947368421,7.591443780336333e-15
-1.1457286432160805,1.5263157894736843,6.069224390266154e-14
-1.1457286432160805,1.6210526315789473,5.021703128623814e-13
-1.1457286432160805,1.7157894736842105,3.0889592829346817e-12
-1.1457286432160805,1.8105263157894738,1.5136461311980162e-11
-1.1457286432160805,1.9052631578947368,6.138968345886461e-11
-1.1457286432160805,2.0,2.132844958311096e-10
-1.1055276381909547,0.2,5.797396398037352e-10
-1.1055276381909547,0.2947368421052632,4.3184176990788614e-14
-1.1055276381909547,0.3894736842105263,0.6245137276431585
-1.1055276381909547,0.4842105263157895,0.7515825827347584
-1.1055276381909547,0.5789473684210527,1.5012780703367097e-15
-1.1055276381909547,0.6736842105263159,1.1356382315234259e-15
-1.1055276381909547,0.7684210526315789,2.4981252090671594e-16
-1.1055276381909547,0.8631578947368421,1.3322676295501878e-15
-1.1055276381909547,0.9578947368421054,0.8955354616982353
-1.1055276381909547,1.0526315789473684,1.5543122344752192e-15
-1.1055276381909547,1.1473684210526316,0.8964406614066457
-1.1055276381909547,1.2421052631578948,4.107824985215559e-15
-1.1055276381909547,1.3368421052631578,5.870162389929422e-16
-1.1055276381909547,1.431578947368421,0.8981218102619417
-1.1055276381909547,1.5263157894736843,1.263598640870165e-14
-1.1055276381909547,1.6210526315789473,1.2035328885927652e-13
-1.1055276381909547,1.7157894736842105,8.299647473563466e-13
-1.1055276381909547,1.8105263157894738,4.45527329080641e-12
-1.1055276381909547,1.9052631578947368,1.952730340311121e-11
-1.1055276381909547,2.0,7.256175179928412e-11
-1.0653266331658293,0.2,5.977180333089032e-11
-1.0653266331658293,0.2947368421052632,4.9631398569390764e-14
-1.0653266331658293,0.3894736842105263,0.6369592053590306
-1.0653266331658293,0.4842105263157895,3.0156553710431135e-17
-1.0653266331658293,0.5789473684210527,0.8771623477934877
-1.0653266331658293,0.6736842105263159,3.6554334431027656e-15
-1.0653266331658293,0.7684210526315789,7.221378830288733e-16
-1.0653266331658293,0.8631578947368421,0.9352741647736522
-1.0653266331658293,0.9578947368421054,3.9968028886505635e-15
-1.0653266331658293,1.0526315789473684,1.2957946161937533e-15
-1.0653266331658293,1.1473684210526316,2.4253196647039624e-15
-1.0653266331658293,1.2421052631578948,2.2204460524418258e-15
-1.0653266331658293,1.3368421052631578,6.661625051437635e-16
-1.0653266331658293,1.431578947368421,1.3235292600463444e-15
-1.0653266331658293,1.5263157894736843,7.245993761885516e-15
-1.0653266331658293,1.6210526315789473,3.0688175816413166e-14
-1.0653266331658293,1.7157894736842105,2.2294702825980335e-13
-1.0653266331658293,1.8105263157894738,1.3038292202303777e-12
-1.0653266331658293,1.9052631578947368,6.165510550169389e-12
-1.0653266331658293,2.0,2.4536655534303773e-11
-1.0251256281407035,0.2,5.291175588296956e-10
-1.0251256281407035,0.2947368421052632,4.139117553131367e-14
-1.0251256281407035,0.3894736842105263,8.031024304779033e-16
-1.0251256281407035,0.4842105263157895,1.1102230246264412e-16
-1.0251256281407035,0.5789473684210527,1.8949005698299326e-15
-1.0251256281407035,0.6736842105263159,0.9707504335667685
-1.0251256281407035,0.7684210526315789,1.3821220923072265e-15
-1.0251256281407035,0.8631578947368421,0.9754081767565765
-1.0251256281407035,0.9578947368421054,1.3322676295501878e-15
-1.0251256281407035,1.0526315789473684,1.691616774641546e-15
-1.0251256281407035,1.1473684210526316,6.661338147750932e-16
-1.0251256281407035,1.2421052631578948,0.9770607285124445
-1.0251256281407035,1.3368421052631578,1.1102229461297975e-15
-1.0251256281407035,1.431578947368421,8.88784811961328e-16
-1.0251256281407035,1.5263157894736843,7.707601943539317e-16
-1.0251256281407035,1.6210526315789473,9.462070849569852e-15
-1.0251256281407035,1.7157894736842105,5.75245338703444e-14
-1.0251256281407035,1.8105263157894738,3.755944170025236e-13
-1.0251256281407035,1.9052631578947368,1.9355449657621266e-12
-1.0251256281407035,2.0,8.251321893030105e-12
-0.9849246231155777,0.2,8.944099002485015e-10
-0.9849246231155777,0.2947368421052632,1.4943278668701385e-14
-0.9849246231155777,0.3894736842105263,0.659820862649144
-0.9849246231155777,0.4842105263157895,1.1373610073431187e-15
-0.9849246231155777,0.5789473684210527,5.765646289880279e-16
-0.9849246231155777,0.6736842105263159,1.0048105589168181
-0.9849246231155777,0.7684210526315789,1.0152429111141439
-0.9849246231155777,0.8631578947368421,1.0155476646028003
-0.9849246231155777,0.9578947368421054,1.015888230331476
-0.9849246231155777,1.0526315789473684,2.654479600457017e-15
-0.9849246231155777,1.1473684210526316,1.0166794860627582
-0.9849246231155777,1.2421052631578948,2.220446049247062e-16
-0.9849246231155777,1.3368421052631578,1.0176197146744765
-0.9849246231155777,1.431578947368421,1.1102429957117173e-15
-0.9849246231155777,1.5263157894736843,1.0187109714903455
-0.9849246231155777,1.6210526315789473,4.5638645351706274e-17
-0.9849246231155777,1.7157894736842105,1.6520829308616798e-14
-0.9849246231155777,1.8105263157894738,1.0563692595286373e-13
-0.9849246231155777,1.9052631578947368,6.042573213936881e-13
-0.9849246231155777,2.0,2.758339187765917e-12
-0.9447236180904524,0.2,7.938442733842041e-10
-0.9447236180904524,0.2947368421052632,1.9576619791136214e-14
-0.9447236180904524,0.3894736842105263,0.6703105667583614
-0.9447236180904524,0.4842105263157895,3.033906199948173e-15
-0.9447236180904524,0.5789473684210527,0.9444628908974009
-0.9447236180904524,0.6736842105263159,8.810388912774869e-17
-0.9447236180904524,0.7684210526315789,1.055399108643797
-0.9447236180904524,0.8631578947368421,4.440892098500626e-16
-0.9447236180904524,0.9578947368421054,6.330909465860877e-15
-0.9447236180904524,1.0526315789473684,2.390383460352583e-15
-0.9447236180904524,1.1473684210526316,8.881784197001252e-16
-0.9447236180904524,1.2421052631578948,1.0572113610778113
-0.9447236180904524,1.3368421052631578,1.776356839284221e-15
-0.9447236180904524,1.431578947368421,2.442490369931429e-15
-0.9447236180904524,1.5263157894736843,2.960808981337866e-17
-0.9447236180904524,1.6210526315789473,1.898693671966513e-15
-0.9447236180904524,1.7157894736842105,2.704506253898397e-15
-0.9447236180904524,1.8105263157894738,3.211192721258527e-14
-0.9447236180904524,1.9052631578947368,1.8844357952648276e-13
-0.9447236180904524,2.0,9.14974894064521e-13
-0.9045226130653266,0.2,2.1970279696524565e-10
-0.9045226130653266,0.2947368421052632,4.8418482902210554e-14
-0.9045226130653266,0.3894736842105263,0.6802166962030436
-0.9045226130653266,0.4842105263157895,9.159339953157543e-16
-0.9045226130653266,0.5789473684210527,2.800817562743272e-15
-0.9045226130653266,0.6736842105263159,1.2945418442049869e-16
-0.9045226130653266,0.7684210526315789,1.0955585777019188
-0.9045226130653266,0.8631578947368421,1.095840581744177
-0.9045226130653266,0.9578947368421054,1.0961550389398995
-0.9045226130653266,1.0526315789473684,3.92503404992166e-15
-0.9045226130653266,1.1473684210526316,1.1049137412911193e-15
-0.9045226130653266,1.2421052631578948,1.3322676295501878e-15
-0.9045226130653266,1.3368421052631578,1.0977516037495791
-0.9045226130653266,1.431578947368421,1.5543122054587276e-15
-0.9045226130653266,1.5263157894736843,8.881786112302604e-15
-0.9045226130653266,1.6210526315789473,3.331445743706511e-15
-0.9045226130653266,1.7157894736842105,3.5500421353143066e-15
-0.9045226130653266,1.8105263157894738,6.895588919438448e-15
-0.9045226130653266,1.9052631578947368,5.947774236158406e-14
-0.9045226130653266,2.0,3.0536858930986475e-13
-0.8643216080402008,0.2,5.21590553350468e-10
-0.8643216080402008,0.2947368421052632,5.2154580428357814e-14
-0.8643216080402008,0.3894736842105263,2.0122792314258627e-15
-0.8643216080402008,0.4842105263157895,0.8432127765099044
-0.8643216080402008,0.5789473684210527,1.0842022520801914e-16
-0.8643216080402008,0.6736842105263159,1.3322676295501878e-15
-0.8643216080402008,0.7684210526315789,1.79772409351998e-15
-0.8643216080402008,0.8631578947368421,8.881784197001252e-16
-0.8643216080402008,0.9578947368421054,4.440892098500626e-16
-0.8643216080402008,1.0526315789473684,1.1366309142961923
-0.8643216080402008,1.1473684210526316,1.1369985507936031
-0.8643216080402008,1.2421052631578948,8.114572464161575e-16
-0.8643216080402008,1.3368421052631578,1.1378325000578338
-0.8643216080402008,1.431578947368421,1.9984014439707275e-15
-0.8643216080402008,1.5263157894736843,1.1387993228683344
-0.8643216080402008,1.6210526315789473,1.139333011284537
-0.8643216080402008,1.7157894736842105,5.871385658622479e-15
-0.8643216080402008,1.8105263157894738,1.1405017905048693
-0.8643216080402008,1.9052631578947368,1.5674135934707208e-14
-0.8643216080402008,2.0,1.0878873836376395e-13
-0.8241206030150754,0.2,9.470788519009432e-10
-0.8241206030150754,0.2947368421052632,2.481017343933703e-14
-0.8241206030150754,0.3894736842105263,3.48187522433495e-16
-0.8241206030150754,0.4842105263157895,0.8554984511279566
-0.8241206030150754,0.5789473684210527,1.7763568394002505e-15
-0.8241206030150754,0.6736842105263159,4.602131709738556e-16
-0.8241206030150754,0.7684210526315789,4.186582393964002e-15
-0.8241206030150754,0.8631578947368421,3.1086244689504383e-15
-0.8241206030150754,0.9578947368421054,4.440892098500626e-16
-0.8241206030150754,1.0526315789473684,2.6645352591003757e-15
-0.8241206030150754,1.1473684210526316,4.624369418945901e-15
-0.8241206030150754,1.2421052631578948,2.220446049250313e-16
-0.8241206030150754,1.3368421052631578,1.177921945960031
-0.8241206030150754,1.431578947368421,1.1783715728862414
-0.8241206030150754,1.5263157894736843,1.1788533001565347
-0.8241206030150754,1.6210526315789473,1.1102250566768818e-15
-0.8241206030150754,1.7157894736842105,1.179913689362688
-0.8241206030150754,1.8105263157894738,1.18049265698324
-0.8241206030150754,1.9052631578947368,1.6015967851838149e-15
-0.8241206030150754,2.0,3.145586466351358e-14
-0.7839195979899496,0.2,7.213299107125266e-10
-0.7839195979899496,0.2947368421052632,1.3647485522597661e-14
-0.7839195979899496,0.3894736842105263,8.491471414906471e-16
-0.7839195979899496,0.4842105263157895,1.0290272933343066e-15
-0.7839195979899496,0.5789473684210527,8.881784197001252e-16
-0.7839195979899496,0.6736842105263159,7.554993433321811e-17
-0.7839195979899496,0.7684210526315789,1.1274263431937339e-15
-0.7839195979899496,0.8631578947368421,4.440892098500626e-16
-0.7839195979899496,0.9578947368421054,1.7763568394002505e-15
-0.7839195979899496,1.0526315789473684,1.2169016323466835
-0.7839195979899496,1.1473684210526316,8.881784197001252e-16
-0.7839195979899496,1.2421052631578948,2.220446049250313e-15
-0.7839195979899496,1.3368421052631578,1.2180190598918177
-0.7839195979899496,1.431578947368421,1.2184527956236484
-0.7839195979899496,1.5263157894736843,1.218917424768345
-0.7839195979899496,1.6210526315789473,2.2204577084593386e-16
-0.7839195979899496,1.7157894736842105,1.331171215146861e-15
-0.7839195979899496,1.8105263157894738,4.477194578505814e-16
-0.7839195979899496,1.9052631578947368,2.4082455089746414e-15
-0.7839195979899496,2.0,1.1500162534614312e-14
-0.7437185929648242,0.2,4.663855939366757e-11
-0.7437185929648242,0.2947368421052632,4.947462574574088e-14
-0.7437185929648242,0.3894736842105263,0.7144680108730818
-0.7437185929648242,0.4842105263157895,0.8778657737168103
-0.7437185929648242,0.5789473684210527,2.6645352591003757e-15
-0.7437185929648242,0.6736842105263159,7.599472524202717e-16
-0.7437185929648242,0.7684210526315789,2.833418027910961e-15
-0.7437185929648242,0.8631578947368421,4.440892098500626e-16
-0.7437185929648242,0.9578947368421054,1.25674208923007
-0.7437185929648242,1.0526315789473684,1.2570434948281881
-0.7437185929648242,1.1473684210526316,8.797386352027426e-17
-0.7437185929648242,1.2421052631578948,2.220446049250313e-15
-0.7437185929648242,1.3368421052631578,3.5425111285441783e-15
-0.7437185929648242,1.431578947368421,1.1102230246251532e-15
-0.7437185929648242,1.5263157894736843,1.258990680051392
-0.7437185929648242,1.6210526315789473,5.4088678064524525e-15
-0.7437185929648242,1.7157894736842105,4.21885065907569e-15
-0.7437185929648242,1.8105263157894738,6.628659009482409e-16
-0.7437185929648242,1.9052631578947368,2.0553426811093706e-15
-0.7437185929648242,2.0,2.1512582187697893e-15
-0.7035175879396984,0.2,8.040476119064936e-10
-0.7035175879396984,0.2947368421052632,5.195984179646393e-14
-0.7035175879396984,0.3894736842105263,4.890913653551533e-16
-0.7035175879396984,0.4842105263157895,2.3038927019142613e-15
-0.7035175879396984,0.5789473684210527,1.0454552646006172
-0.7035175879396984,0.6736842105263159,3.2046065962694567e-15
-0.7035175879396984,0.7684210526315789,1.284005900167846
-0.7035175879396984,0.8631578947368421,1.2966334430520892
-0.7035175879396984,0.9578947368421054,2.220446049250313e-15
-0.7035175879396984,1.0526315789473684,1.2971891389310743
-0.7035175879396984,1.1473684210526316,2.886579864025407e-15
-0.7035175879396984,1.2421052631578948,2.4954895983292927e-15
-0.7035175879396984,1.3368421052631578,3.3306690738754696e-15
-0.7035175879396984,1.431578947368421,1.2986383931586523
-0.7035175879396984,1.5263157894736843,4.44089209850433e-16
-0.7035175879396984,1.6210526315789473,2.886579864693909e-15
-0.7035175879396984,1.7157894736842105,1.3000264133057062
-0.7035175879396984,1.8105263157894738,8.881521674080008e-16
-0.7035175879396984,1.9052631578947368,1.780020906327292e-15
-0.7035175879396984,2.0,8.931163839357247e-16
-0.6633165829145726,0.2,9.387978804737302e-10
-0.6633165829145726,0.2947368421052632,1.7782606969224572e-14
-0.6633165829145726,0.3894736842105263,5.551126538604216e-16
-0.6633165829145726,0.4842105263157895,2.220446049250313e-15
-0.6633165829145726,0.5789473684210527,6.89389951374908e-16
-0.6633165829145726,0.6736842105263159,1.3322676295501878e-15
-0.6633165829145726,0.7684210526315789,3.552713678800501e-15
-0.6633165829145726,0.8631578947368421,4.440892098500626e-15
-0.6633165829145726,0.9578947368421054,3.9968028886505635e-15
-0.6633165829145726,1.0526315789473684,4.440892098500626e-16
-0.6633165829145726,1.1473684210526316,3.1086244689504383e-15
-0.6633165829145726,1.2421052631578948,1.8951261134171088e-15
-0.6633165829145726,1.3368421052631578,2.220446049250313e-16
-0.6633165829145726,1.431578947368421,8.881784197001252e-16
-0.6633165829145726,1.5263157894736843,8.881784197001027e-16
-0.6633165829145726,1.6210526315789473,1.3396088369909982
-0.6633165829145726,1.7157894736842105,1.3400844917968573
-0.6633165829145726,1.8105263157894738,8.314671741305235e-17
-0.6633165829145726,1.9052631578947368,1.3411201193169195
-0.6633165829145726,2.0,2.931366874318996e-15
-0.6231155778894473,0.2,2.971736521371509e-10
-0.6231155778894473,0.2947368421052632,2.916568633961327e-14
-0.6231155778894473,0.3894736842105263,4.124826564871693e-16
-0.6231155778894473,0.4842105263157895,0.9063051081741067
-0.6231155778894473,0.5789473684210527,1.3322676295501878e-15
-0.6231155778894473,0.6736842105263159,8.881784197001252e-16
-0.6231155778894473,0.7684210526315789,8.881784197001252e-16
-0.6231155778894473,0.8631578947368421,2.6645352591003757e-15
-0.6231155778894473,0.9578947368421054,8.881784197001252e-16
-0.6231155778894473,1.0526315789473684,1.3322676295501878e-15
-0.6231155778894473,1.1473684210526316,3.1086244689504383e-15
-0.6231155778894473,1.2421052631578948,1.3781171054018042
-0.6231155778894473,1.3368421052631578,3.1086244689504383e-15
-0.6231155778894473,1.431578947368421,1.3322676295501878e-15
-0.6231155778894473,1.5263157894736843,1.7763568394002499e-15
-0.6231155778894473,1.6210526315789473,1.1102230246244308e-15
-0.6231155778894473,1.7157894736842105,4.440892104878209e-16
-0.6231155778894473,1.8105263157894738,1.380639075159072
-0.6231155778894473,1.9052631578947368,1.381154115190053
-0.6231155778894473,2.0,1.77731595118557e-15
-0.5829145728643215,0.2,6.150287826501277e-10
-0.5829145728643215,0.2947368421052632,5.595476277526581e-14
-0.5829145728643215,0.3894736842105263,2.5337205416562064e-15
-0.5829145728643215,0.4842105263157895,0.9144858569596938
-0.5829145728643215,0.5789473684210527,1.0823423394414335
-0.5829145728643215,0.6736842105263159,6.973588373426761e-16
-0.5829145728643215,0.7684210526315789,4.440892098500626e-16
-0.5829145728643215,0.8631578947368421,3.1086244689504383e-15
-0.5829145728643215,0.9578947368421054,4.884981308350689e-15
-0.5829145728643215,1.0526315789473684,1.4176454527414721
-0.5829145728643215,1.1473684210526316,2.220446049250313e-15
-0.5829145728643215,1.2421052631578948,1.3322676295501878e-15
-0.5829145728643215,1.3368421052631578,8.881784197001252e-16
-0.5829145728643215,1.431578947368421,2.220446049250313e-15
-0.5829145728643215,1.5263157894736843,8.881784197001252e-16
-0.5829145728643215,1.6210526315789473,2.6645352591003757e-15
-0.5829145728643215,1.7157894736842105,4.440892100774393e-16
-0.5829145728643215,1.8105263157894738,1.4206987934245776
-0.5829145728643215,1.9052631578947368,1.421197981895856
-0.5829145728643215,2.0,1.4217235796272627
-0.5427135678391961,0.2,1.0056375034861426e-09
-0.5427135678391961,0.2947368421052632,3.9100196203244555e-14
-0.5427135678391961,0.3894736842105263,0.7463408202353284
-0.5427135678391961,0.4842105263157895,2.2204460646282666e-15
-0.5427135678391961,0.5789473684210527,6.622263459102914e-16
-0.5427135678391961,0.6736842105263159,2.220446049250313e-15
-0.5427135678391961,0.7684210526315789,4.440892098500626e-15
-0.5427135678391961,0.8631578947368421,8.881784197001252e-16
-0.5427135678391961,0.9578947368421054,1.4575449357010741
-0.5427135678391961,1.0526315789473684,1.457803102295329
-0.5427135678391961,1.1473684210526316,5.329070518200751e-15
-0.5427135678391961,1.2421052631578948,1.458393465058922
-0.5427135678391961,1.3368421052631578,1.7763568394002505e-15
-0.5427135678391961,1.431578947368421,1.7763568394002505e-15
-0.5427135678391961,1.5263157894736843,2.220446049250313e-15
-0.5427135678391961,1.6210526315789473,3.1086244689504395e-15
-0.5427135678391961,1.7157894736842105,3.866698627976282e-15
-0.5427135678391961,1.8105263157894738,4.0129303976374226e-15
-0.5427135678391961,1.9052631578947368,2.442491009449024e-15
-0.5427135678391961,2.0,4.825580532886043e-20
-0.5025125628140703,0.2,4.954010235548764e-10
-0.5025125628140703,0.2947368421052632,7.888522510986473e-15
-0.5025125628140703,0.3894736842105263,2.7517589196535506e-15
-0.5025125628140703,0.4842105263157895,8.933825901280557e-17
-0.5025125628140703,0.5789473684210527,3.8506524357995175e-15
-0.5025125628140703,0.6736842105263159,1.2677556529921417
-0.5025125628140703,0.7684210526315789,2.77555933143055e-16
-0.5025125628140703,0.8631578947368421,4.440892098500626e-16
-0.5025125628140703,0.9578947368421054,1.3322676295501878e-15
-0.5025125628140703,1.0526315789473684,1.4979631420989319
-0.5025125628140703,1.1473684210526316,8.881784197001252e-16
-0.5025125628140703,1.2421052631578948,1.4985368501934209
-0.5025125628140703,1.3368421052631578,5.773159728050814e-15
-0.5025125628140703,1.431578947368421,1.499207383304827
-0.5025125628140703,1.5263157894736843,4.440892098500626e-16
-0.5025125628140703,1.6210526315789473,4.440892098500626e-15
-0.5025125628140703,1.7157894736842105,1.5003963456645337
-0.5025125628140703,1.8105263157894738,2.081668152784649e-17
-0.5025125628140703,1.9052631578947368,1.5013119803215706
-0.5025125628140703,2.0,6.430621872658911e-15
-0.4623115577889445,0.2,4.819833621859239e-10
-0.4623115577889445,0.2947368421052632,5.1886841086636126e-14
-0.4623115577889445,0.3894736842105263,9.31739995219171e-16
-0.4623115577889445,0.4842105263157895,0.9353998989617511
-0.4623115577889445,0.5789473684210527,1.1113980155690655
-0.4623115577889445,0.6736842105263159,3.9968028886505635e-15
-0.4623115577889445,0.7684210526315789,1.4334500358544116
-0.4623115577889445,0.8631578947368421,1.3322676295501878e-15
-0.4623115577889445,0.9578947368421054,2.220446049250313e-15
-0.4623115577889445,1.0526315789473684,4.440892098500626e-16
-0.4623115577889445,1.1473684210526316,4.440892098500626e-15
-0.4623115577889445,1.2421052631578948,1.7763568394002505e-15
-0.4623115577889445,1.3368421052631578,2.220446049250313e-15
-0.4623115577889445,1.431578947368421,4.440892098500626e-16
-0.4623115577889445,1.5263157894736843,1.7763568394002505e-15
-0.4623115577889445,1.6210526315789473,8.881784197001252e-16
-0.4623115577889445,1.7157894736842105,1.5404909270212805
-0.4623115577889445,1.8105263157894738,1.919905206920895e-15
-0.4623115577889445,1.9052631578947368,1.541380661630422
-0.4623115577889445,2.0,4.761809399529693e-16
-0.42211055276381915,0.2,1.0209588585079538e-09
-0.42211055276381915,0.2947368421052632,5.06394540236375e-14
-0.42211055276381915,0.3894736842105263,3.279041145089906e-16
-0.42211055276381915,0.4842105263157895,1.3322676295501878e-15
-0.42211055276381915,0.5789473684210527,1.0591952187837157e-15
-0.42211055276381915,0.6736842105263159,2.220446049250313e-15
-0.42211055276381915,0.7684210526315789,1.3322676295501878e-15
-0.42211055276381915,0.8631578947368421,1.568375109921613
-0.42211055276381915,0.9578947368421054,1.3322676295501878e-15
-0.42211055276381915,1.0526315789473684,1.5782896423970452
-0.42211055276381915,1.1473684210526316,1.5785497924995653
-0.42211055276381915,1.2421052631578948,1.5788326582651386
-0.42211055276381915,1.3368421052631578,2.220446049250313e-15
-0.42211055276381915,1.431578947368421,4.440892098500626e-16
-0.42211055276381915,1.5263157894736843,4.440892098500626e-16
-0.42211055276381915,1.6210526315789473,1.3322676295501878e-15
-0.42211055276381915,1.7157894736842105,1.5805910857003005
-0.42211055276381915,1.8105263157894738,4.4408920984850555e-16
-0.42211055276381915,1.9052631578947368,1.5814562883307735
-0.42211055276381915,2.0,1.581923801741148
-0.38190954773869334,0.2,5.879258709385117e-10
-0.38190954773869334,0.2947368421052632,4.024318246926307e-15
-0.38190954773869334,0.3894736842105263,5.285078652851399e-15
-0.38190954773869334,0.4842105263157895,0.946488983212925
-0.38190954773869334,0.5789473684210527,1.434507894415571e-15
-0.38190954773869334,0.6736842105263159,9.298117854540227e-16
-0.38190954773869334,0.7684210526315789,4.4407322312742303e-16
-0.38190954773869334,0.8631578947368421,1.3322676295501878e-15
-0.38190954773869334,0.9578947368421054,1.3322676295501878e-15
-0.38190954773869334,1.0526315789473684,1.6184557753802562
-0.38190954773869334,1.1473684210526316,1.6187091533893243
-0.38190954773869334,1.2421052631578948,1.6189846148569698
-0.38190954773869334,1.3368421052631578,5.551115123125783e-15
-0.38190954773869334,1.431578947368421,3.1086244689504383e-15
-0.38190954773869334,1.5263157894736843,8.881784197001252e-16
-0.38190954773869334,1.6210526315789473,7.105427357601002e-15
-0.38190954773869334,1.7157894736842105,4.884981308350689e-15
-0.38190954773869334,1.8105263157894738,4.4408920985004428e-16
-0.38190954773869334,1.9052631578947368,4.440806765788826e-16
-0.38190954773869334,2.0,1.621993169321548
-0.341708542713568,0.2,4.239592322866728e-10
-0.341708542713568,0.2947368421052632,4.4909426022204747e-14
-0.341708542713568,0.3894736842105263,1.2318722750743683e-16
-0.341708542713568,0.4842105263157895,0.9512148388401396
-0.341708542713568,0.5789473684210527,4.440892098500626e-16
-0.341708542713568,0.6736842105263159,3.616464766542657e-15
-0.341708542713568,0.7684210526315789,8.881784197001252e-16
-0.341708542713568,0.8631578947368421,1.3322676295501878e-15
-0.341708542713568,0.9578947368421054,3.1086244689504383e-15
-0.341708542713568,1.0526315789473684,8.881784197001252e-16
-0.341708542713568,1.1473684210526316,1.6588705779986885
-0.341708542713568,1.2421052631578948,1.6591389998289752
-0.341708542713568,1.3368421052631578,1.6594290202472557
-0.341708542713568,1.431578947368421,2.220446049250313e-15
-0.341708542713568,1.5263157894736843,1.6600741414643094
-0.341708542713568,1.6210526315789473,1.7763568394002505e-15
-0.341708542713568,1.7157894736842105,3.1086244689504383e-15
-0.341708542713568,1.8105263157894738,2.0276122225443e-15
-0.341708542713568,1.9052631578947368,3.288710449847897e-15
-0.341708542713568,2.0,1.662069052280192
-0.3015075376884422,0.2,1.0283124151524389e-09
-0.3015075376884422,0.2947368421052632,5.41860814532979e-14
-0.3015075376884422,0.3894736842105263,2.0799758114016468e-15
-0.3015075376884422,0.4842105263157895,0.9554058885135261
-0.3015075376884422,0.5789473684210527,1.1389871678295862
-0.3015075376884422,0.6736842105263159,8.881784197001252e-16
-0.3015075376884422,0.7684210526315789,1.3322676295501878e-15
-0.3015075376884422,0.8631578947368421,4.440892098500626e-16
-0.3015075376884422,0.9578947368421054,1.7763568394002505e-15
-0.3015075376884422,1.0526315789473684,4.440892098500626e-15
-0.3015075376884422,1.1473684210526316,5.329070518200751e-15
-0.3015075376884422,1.2421052631578948,5.329070518200751e-15
-0.3015075376884422,1.3368421052631578,2.6645352591003757e-15
-0.3015075376884422,1.431578947368421,8.881784197001252e-16
-0.3015075376884422,1.5263157894736843,1.70020719789639
-0.3015075376884422,1.6210526315789473,1.7005533812545026
-0.3015075376884422,1.7157894736842105,6.661338147750939e-15
-0.3015075376884422,1.8105263157894738,1.5655419481270056e-15
-0.3015075376884422,1.9052631578947368,4.440892098501267e-16
-0.3015075376884422,2.0,5.807257887290225e-16
-0.2613065326633164,0.2,6.099499958624024e-10
-0.2613065326633164,0.2947368421052632,1.535909255265536e-14
-0.2613065326633164,0.3894736842105263,3.73477990077093e-15
-0.2613065326633164,0.4842105263157895,8.881784197001252e-16
-0.2613065326633164,0.5789473684210527,1.7763568394002505e-15
-0.2613065326633164,0.6736842105263159,1.3268791243383309
-0.2613065326633164,0.7684210526315789,2.6645352591003757e-15
-0.2613065326633164,0.8631578947368421,2.220446049250313e-15
-0.2613065326633164,0.9578947368421054,2.220446049250313e-15
-0.2613065326633164,1.0526315789473684,1.7389640629307361
-0.2613065326633164,1.1473684210526316,5.329070518200751e-15
-0.2613065326633164,1.2421052631578948,1.739454345034886
-0.2613065326633164,1.3368421052631578,1.7763568394002505e-15
-0.2613065326633164,1.431578947368421,4.440892098500626e-16
-0.2613065326633164,1.5263157894736843,3.1086244689504383e-15
-0.2613065326633164,1.6210526315789473,1.3322676295501878e-15
-0.2613065326633164,1.7157894736842105,2.6645352591003757e-15
-0.2613065326633164,1.8105263157894738,8.881784197001252e-16
-0.2613065326633164,1.9052631578947368,1.741817883005281
-0.2613065326633164,2.0,1.7422383564966384
-0.22110552763819102,0.2,4.284041452580988e-10
-0.22110552763819102,0.2947368421052632,3.8893665307851935e-14
-0.22110552763819102,0.3894736842105263,8.881773868408793e-16
-0.22110552763819102,0.4842105263157895,0.9621381525295654
-0.22110552763819102,0.5789473684210527,4.442978192082145e-16
-0.22110552763819102,0.6736842105263159,2.6645352591003757e-15
-0.22110552763819102,0.7684210526315789,8.881784197001252e-16
-0.22110552763819102,0.8631578947368421,4.440892098500626e-16
-0.22110552763819102,0.9578947368421054,8.43769498715119e-15
-0.22110552763819102,1.0526315789473684,5.773159728050814e-15
-0.22110552763819102,1.1473684210526316,1.7763568394002505e-15
-0.22110552763819102,1.2421052631578948,1.77961498655619
-0.22110552763819102,1.3368421052631578,8.881784197001252e-16
-0.22110552763819102,1.431578947368421,1.3322676295501878e-15
-0.22110552763819102,1.5263157894736843,1.3322676295501878e-15
-0.22110552763819102,1.6210526315789473,3.1086244689504383e-15
-0.22110552763819102,1.7157894736842105,3.1086244689504383e-15
-0.22110552763819102,1.8105263157894738,1.7815310076175057
-0.22110552763819102,1.9052631578947368,1.776356839400246e-15
-0.22110552763819102,2.0,3.9968028886505635e-15
-0.18090452261306522,0.2,1.0374668735317531e-09
-0.18090452261306522,0.2947368421052632,5.882621372130068e-14
-0.18090452261306522,0.3894736842105263,7.127416985695953e-16
-0.18090452261306522,0.4842105263157895,2.4372864837474204e-16
-0.18090452261306522,0.5789473684210527,1.1518315606020546
-0.18090452261306522,0.6736842105263159,4.440892098500626e-16
-0.18090452261306522,0.7684210526315789,4.440892098500626e-16
-0.18090452261306522,0.8631578947368421,4.440892098500626e-16
-0.18090452261306522,0.9578947368421054,5.995204332975845e-15
-0.18090452261306522,1.0526315789473684,4.884981308350689e-15
-0.18090452261306522,1.1473684210526316,2.6645352591003757e-15
-0.18090452261306522,1.2421052631578948,6.217248937900877e-15
-0.18090452261306522,1.3368421052631578,4.884981308350689e-15
-0.18090452261306522,1.431578947368421,7.549516567451064e-15
-0.18090452261306522,1.5263157894736843,5.329070518200751e-15
-0.18090452261306522,1.6210526315789473,2.220446049250313e-15
-0.18090452261306522,1.7157894736842105,1.821286940568328
-0.18090452261306522,1.8105263157894738,4.440892098500626e-16
-0.18090452261306522,1.9052631578947368,2.6645352591003757e-15
-0.18090452261306522,2.0,8.881784197001252e-16
-0.14070351758793986,0.2,5.852430685444794e-10
-0.14070351758793986,0.2947368421052632,2.3984564292124317e-14
-0.14070351758793986,0.3894736842105263,1.186495925188297e-15
-0.14070351758793986,0.4842105263157895,8.881784197001252e-16
-0.14070351758793986,0.5789473684210527,4.440892098500626e-16
-0.14070351758793986,0.6736842105263159,8.881784197001252e-16
-0.14070351758793986,0.7684210526315789,4.884981308350689e-15
-0.14070351758793986,0.8631578947368421,8.881784197001252e-16
-0.14070351758793986,0.9578947368421054,3.552713678800501e-15
-0.14070351758793986,1.0526315789473684,5.773159728050814e-15
-0.14070351758793986,1.1473684210526316,8.881784197002591e-16
-0.14070351758793986,1.2421052631578948,4.519129327823623e-16
-0.14070351758793986,1.3368421052631578,8.881784197001481e-16
-0.14070351758793986,1.431578947368421,1.8604739505964085
-0.14070351758793986,1.5263157894736843,1.8607687479577895
-0.14070351758793986,1.6210526315789473,1.7763568394002505e-15
-0.14070351758793986,1.7157894736842105,3.9968028886505635e-15
-0.14070351758793986,1.8105263157894738,8.881784197001252e-16
-0.14070351758793986,1.9052631578947368,1.7763568394002505e-15
-0.14070351758793986,2.0,1.3322676295501878e-15
-0.10050251256281406,0.2,4.728664952407814e-10
-0.10050251256281406,0.2947368421052632,3.368737115581017e-14
-0.10050251256281406,0.3894736842105263,4.3814462266988397e-16
-0.10050251256281406,0.4842105263157895,1.3322676295501878e-15
-0.10050251256281406,0.5789473684210527,1.1567917186522545
-0.10050251256281406,0.6736842105263159,4.218847493575595e-15
-0.10050251256281406,0.7684210526315789,1.1102230246251565e-15
-0.10050251256281406,0.8631578947368421,6.661338147750939e-16
-0.10050251256281406,0.9578947368421054,2.220446049250313e-16
-0.10050251256281406,1.0526315789473684,4.440892098500626e-16
-0.10050251256281406,1.1473684210526316,4.440892098676012e-16
-0.10050251256281406,1.2421052631578948,4.440892098500626e-16
-0.10050251256281406,1.3368421052631578,4.440892098500626e-16
-0.10050251256281406,1.431578947368421,1.3322676295501878e-15
-0.10050251256281406,1.5263157894736843,1.9009152818394683
-0.10050251256281406,1.6210526315789473,6.217248937900877e-15
-0.10050251256281406,1.7157894736842105,1.901547039167184
-0.10050251256281406,1.8105263157894738,1.7763568394002505e-15
-0.10050251256281406,1.9052631578947368,1.7763568394002505e-15
-0.10050251256281406,2.0,5.773159728050814e-15
-0.06030150753768826,0.2,1.044525379266685e-09
-0.06030150753768826,0.2947368421052632,5.695102085041913e-14
-0.06030150753768826,0.3894736842105263,0.7805394674089002
-0.06030150753768826,0.4842105263157895,1.3322676295501878e-15
-0.06030150753768826,0.5789473684210527,1.5543122344752192e-15
-0.06030150753768826,0.6736842105263159,1.347011481019341
-0.06030150753768826,0.7684210526315789,1.5543122344752192e-15
-0.06030150753768826,0.8631578947368421,1.9984014443252818e-15
-0.06030150753768826,0.9578947368421054,1.1102230246251735e-15
-0.06030150753768826,1.0526315789473684,4.440892098500631e-16
-0.06030150753768826,1.1473684210526316,1.3322676295550064e-15
-0.06030150753768826,1.2421052631578948,2.6645352591003757e-15
-0.06030150753768826,1.3368421052631578,2.220446049250313e-15
-0.06030150753768826,1.431578947368421,1.9407823497206496
-0.06030150753768826,1.5263157894736843,4.884981308350689e-15
-0.06030150753768826,1.6210526315789473,2.220446049250313e-15
-0.06030150753768826,1.7157894736842105,1.9416807548797956
-0.06030150753768826,1.8105263157894738,2.220446049250313e-15
-0.06030150753768826,1.9052631578947368,4.440892098500626e-16
-0.06030150753768826,2.0,8.881784197001252e-16
-0.0201005025125629,0.2,5.328343390419774e-10
-0.0201005025125629,0.2947368421052632,2.892283192735479e-14
-0.0201005025125629,0.3894736842105263,8.881784197001252e-16
-0.0201005025125629,0.4842105263157895,4.440892098500626e-16
-0.0201005025125629,0.5789473684210527,1.1589150998743583
-0.0201005025125629,0.6736842105263159,2.220446049250313e-16
-0.0201005025125629,0.7684210526315789,1.1615079729338398e-15
-0.0201005025125629,0.8631578947368421,4.440892098500626e-16
-0.0201005025125629,0.9578947368421054,1.9146958507609442
-0.0201005025125629,1.0526315789473684,1.3322676295501878e-15
-0.0201005025125629,1.1473684210526316,3.1086244689504383e-15
-0.0201005025125629,1.2421052631578948,1.7763568394002505e-15
-0.0201005025125629,1.3368421052631578,4.440892098500626e-16
-0.0201005025125629,1.431578947368421,1.9809384397202183
-0.0201005025125629,1.5263157894736843,2.220446049250313e-15
-0.0201005025125629,1.6210526315789473,1.3322676295501878e-15
-0.0201005025125629,1.7157894736842105,1.7763568394002505e-15
-0.0201005025125629,1.8105263157894738,1.3322676295501878e-15
-0.0201005025125629,1.9052631578947368,1.9824884211487972
-0.0201005025125629,2.0,2.6645352591003757e-15
0.020100502512562457,0.2,5.328343388786261e-10
0.020100502512562457,0.2947368421052632,2.7524940522954675e-14
0.020100502512562457,0.3894736842105263,2.220446049250313e-16
0.020100502512562457,0.4842105263157895,1.9984014443252818e-15
0.020100502512562457,0.5789473684210527,1.1589150998743591
0.020100502512562457,0.6736842105263159,1.7763568394002505e-15
0.020100502512562457,0.7684210526315789,2.220446049250313e-16
0.020100502512562457,0.8631578947368421,2.220446049250313e-16
0.020100502512562457,0.9578947368421054,4.4408920771543937e-16
0.020100502512562457,1.0526315789473684,1.980015615005344
0.020100502512562457,1.1473684210526316,4.440892098500626e-16
0.020100502512562457,1.2421052631578948,1.9804418355253264
0.020100502512562457,1.3368421052631578,2.6645352591003757e-15
0.020100502512562457,1.431578947368421,1.9809384397202185
0.020100502512562457,1.5263157894736843,1.3322676295501878e-15
0.020100502512562457,1.6210526315789473,3.552713678800501e-15
0.020100502512562457,1.7157894736842105,4.440892098500626e-16
0.020100502512562457,1.8105263157894738,7.105427357601002e-15
0.020100502512562457,1.9052631578947368,1.9824884211487968
0.020100502512562457,2.0,4.440892098500626e-15
0.06030150753768826,0.2,1.0445246748170627e-09
0.06030150753768826,0.2947368421052632,6.005891548830654e-14
0.06030150753768826,0.3894736842105263,8.881622463228499e-16
0.06030150753768826,0.4842105263157895,8.881784197001252e-16
0.06030150753768826,0.5789473684210527,1.5543122344752192e-15
0.06030150753768826,0.6736842105263159,1.1102230246251565e-15
0.06030150753768826,0.7684210526315789,1.5356433742969902
0.06030150753768826,0.8631578947368421,1.9984014443252818e-15
0.06030150753768826,0.9578947368421054,1.9052680968468751
0.06030150753768826,1.0526315789473684,3.9968028886505635e-15
0.06030150753768826,1.1473684210526316,1.940046879565647
0.06030150753768826,1.2421052631578948,1.9402739670729134
0.06030150753768826,1.3368421052631578,4.440892098500626e-16
0.06030150753768826,1.431578947368421,4.440892098500626e-16
0.06030150753768826,1.5263157894736843,1.9410636936686574
0.06030150753768826,1.6210526315789473,4.440892098500626e-16
0.06030150753768826,1.7157894736842105,1.3322676295501878e-15
0.06030150753768826,1.8105263157894738,1.942016491439023
0.06030150753768826,1.9052631578947368,1.942370375699349
0.06030150753768826,2.0,1.942742414012936
0.10050251256281406,0.2,4.728696407623215e-10
0.10050251256281406,0.2947368421052632,3.255023927911368e-14
0.10050251256281406,0.3894736842105263,8.881793603222046e-16
0.10050251256281406,0.4842105263157895,8.881784197001252e-16
0.10050251256281406,0.5789473684210527,2.220446049250313e-15
0.10050251256281406,0.6736842105263159,3.9968028886505635e-15
0.10050251256281406,0.7684210526315789,1.532593018682286
0.10050251256281406,0.8631578947368421,8.881784197001252e-16
0.10050251256281406,0.9578947368421054,1.8862713359159118
0.10050251256281406,1.0526315789473684,7.105427357601002e-15
0.10050251256281406,1.1473684210526316,3.9968028886505635e-15
0.10050251256281406,1.2421052631578948,4.4408920984978578e-16
0.10050251256281406,1.3368421052631578,4.440892098500626e-16
0.10050251256281406,1.431578947368421,3.552713678800501e-15
0.10050251256281406,1.5263157894736843,1.7763568394002505e-15
0.10050251256281406,1.6210526315789473,1.3322676295501878e-15
0.10050251256281406,1.7157894736842105,1.3322676295501878e-15
0.10050251256281406,1.8105263157894738,4.440892098500626e-15
0.10050251256281406,1.9052631578947368,3.552713678800501e-15
0.10050251256281406,2.0,8.881784197001252e-16
0.14070351758793986,0.2,5.852429467203562e-10
0.14070351758793986,0.2947368421052632,2.2812684681145078e-14
0.14070351758793986,0.3894736842105263,0.7787140086691879
0.14070351758793986,0.4842105263157895,4.440892098500626e-16
0.14070351758793986,0.5789473684210527,1.1546679764046464
0.14070351758793986,0.6736842105263159,1.342003981482476
0.14070351758793986,0.7684210526315789,4.440892098500626e-16
0.14070351758793986,0.8631578947368421,1.7097379683904652
0.14070351758793986,0.9578947368421054,7.327471962526033e-15
0.14070351758793986,1.0526315789473684,1.3322676295485857e-15
0.14070351758793986,1.1473684210526316,8.43769498715119e-15
0.14070351758793986,1.2421052631578948,1.8599414860890087
0.14070351758793986,1.3368421052631578,1.860198207474554
0.14070351758793986,1.431578947368421,4.440892098500626e-16
0.14070351758793986,1.5263157894736843,4.440892098500626e-16
0.14070351758793986,1.6210526315789473,1.8610826258337305
0.14070351758793986,1.7157894736842105,4.440892098500626e-16
0.14070351758793986,1.8105263157894738,8.881784197001252e-16
0.14070351758793986,1.9052631578947368,3.1086244689504383e-15
0.14070351758793986,2.0,1.8625293740631288
0.18090452261306567,0.2,1.0374693564309698e-09
0.18090452261306567,0.2947368421052632,5.460481324888934e-14
0.18090452261306567,0.3894736842105263,1.5354616508177391e-15
0.18090452261306567,0.4842105263157895,3.3975485915961666e-15
0.18090452261306567,0.5789473684210527,1.7763568394002505e-15
0.18090452261306567,0.6736842105263159,4.440892098500626e-16
0.18090452261306567,0.7684210526315789,8.881784197001252e-16
0.18090452261306567,0.8631578947368421,1.6986419891726103
0.18090452261306567,0.9578947368421054,6.661338147750939e-16
0.18090452261306567,1.0526315789473684,1.1102230246251565e-15
0.18090452261306567,1.1473684210526316,1.8195340497653003
0.18090452261306567,1.2421052631578948,1.7763568393999399e-15
0.18090452261306567,1.3368421052631578,8.881784197001252e-16
0.18090452261306567,1.431578947368421,8.881784197001252e-16
0.18090452261306567,1.5263157894736843,1.7763568394002505e-15
0.18090452261306567,1.6210526315789473,2.6645352591003757e-15
0.18090452261306567,1.7157894736842105,1.7763568394002505e-15
0.18090452261306567,1.8105263157894738,3.552713678800501e-15
0.18090452261306567,1.9052631578947368,1.822027982250824
0.18090452261306567,2.0,1.8224280130160486
0.22110552763819058,0.2,4.284000669359916e-10
0.22110552763819058,0.2947368421052632,3.985275244376031e-14
0.22110552763819058,0.3894736842105263,1.3322680658237982e-15
0.22110552763819058,0.4842105263157895,1.541287319808691e-15
0.22110552763819058,0.5789473684210527,1.6653226845044119e-15
0.22110552763819058,0.6736842105263159,1.3322676295501878e-15
0.22110552763819058,0.7684210526315789,4.440892098500626e-16
0.22110552763819058,0.8631578947368421,1.684666889067637
0.22110552763819058,0.9578947368421054,1.7789263525344843
0.22110552763819058,1.0526315789473684,4.884981308350689e-15
0.22110552763819058,1.1473684210526316,1.7793657728727454
0.22110552763819058,1.2421052631578948,1.7763568394002505e-15
0.22110552763819058,1.3368421052631578,4.440892098500626e-16
0.22110552763819058,1.431578947368421,4.440892098500626e-16
0.22110552763819058,1.5263157894736843,2.220446049250313e-15
0.22110552763819058,1.6210526315789473,1.7808119156991058
0.22110552763819058,1.7157894736842105,2.6645352591003757e-15
0.22110552763819058,1.8105263157894738,1.7763568394002505e-15
0.22110552763819058,1.9052631578947368,1.3322676295501873e-15
0.22110552763819058,2.0,1.7823308587502416
0.2613065326633164,0.2,6.099499952999571e-10
0.2613065326633164,0.2947368421052632,1.7258338714408282e-14
0.2613065326633164,0.3894736842105263,2.2204460716849268e-15
0.2613065326633164,0.4842105263157895,1.3322676295501878e-15
0.2613065326633164,0.5789473684210527,1.1439985121084284
0.2613065326633164,0.6736842105263159,4.440892098500626e-16
0.2613065326633164,0.7684210526315789,4.440892098500626e-16
0.2613065326633164,0.8631578947368421,1.6677383345029482
0.2613065326633164,0.9578947368421054,4.440892098500626e-16
0.2613065326633164,1.0526315789473684,8.881784197001252e-16
0.2613065326633164,1.1473684210526316,4.440892098500626e-16
0.2613065326633164,1.2421052631578948,8.881784197001252e-16
0.2613065326633164,1.3368421052631578,1.739730146381492
0.2613065326633164,1.431578947368421,8.881784197001252e-16
0.2613065326633164,1.5263157894736843,1.7403434246712572
0.2613065326633164,1.6210526315789473,1.7406809936130256
0.2613065326633164,1.7157894736842105,5.329070518200751e-15
0.2613065326633164,1.8105263157894738,1.7414181871293362
0.2613065326633164,1.9052631578947368,4.865459977941913e-16
0.2613065326633164,2.0,1.0802274665393734e-15
0.3015075376884422,0.2,1.0283137474146376e-09
0.3015075376884422,0.2947368421052632,5.6843355105881096e-14
0.3015075376884422,0.3894736842105263,8.987618656629428e-16
0.3015075376884422,0.4842105263157895,4.57515485456347e-16
0.3015075376884422,0.5789473684210527,4.440892098500626e-16
0.3015075376884422,0.6736842105263159,1.3322676295501878e-15
0.3015075376884422,0.7684210526315789,6.217248937900877e-15
0.3015075376884422,0.8631578947368421,1.6477715445115186
0.3015075376884422,0.9578947368421054,1.6985728412233394
0.3015075376884422,1.0526315789473684,4.440892098500626e-16
0.3015075376884422,1.1473684210526316,1.3322676295501878e-15
0.3015075376884422,1.2421052631578948,8.881784197001252e-16
0.3015075376884422,1.3368421052631578,1.7763568394002505e-15
0.3015075376884422,1.431578947368421,2.220446049250313e-15
0.3015075376884422,1.5263157894736843,2.220446049250313e-15
0.3015075376884422,1.6210526315789473,4.440892098500626e-16
0.3015075376884422,1.7157894736842105,1.7009208061125334
0.3015075376884422,1.8105263157894738,1.3322676295501882e-15
0.3015075376884422,1.9052631578947368,7.632118066346946e-15
0.3015075376884422,2.0,1.3322676296224292e-15
0.341708542713568,0.2,4.2395901675742484e-10
0.341708542713568,0.2947368421052632,4.402103612467163e-14
0.341708542713568,0.3894736842105263,0.7674744852663152
0.341708542713568,0.4842105263157895,4.440892098500626e-16
0.341708542713568,0.5789473684210527,1.1332336035398713
0.341708542713568,0.6736842105263159,2.7741697507065377e-16
0.341708542713568,0.7684210526315789,1.3322676295501878e-15
0.341708542713568,0.8631578947368421,1.6246514973717237
0.341708542713568,0.9578947368421054,8.881784197001252e-16
0.341708542713568,1.0526315789473684,1.65862363880839
0.341708542713568,1.1473684210526316,2.220446049250313e-15
0.341708542713568,1.2421052631578948,2.220446049250313e-15
0.341708542713568,1.3368421052631578,3.552713678800501e-15
0.341708542713568,1.431578947368421,6.661338147750939e-16
0.341708542713568,1.5263157894736843,2.220446049250313e-15
0.341708542713568,1.6210526315789473,1.6604293563251584
0.341708542713568,1.7157894736842105,1.3322676295501878e-15
0.341708542713568,1.8105263157894738,1.6612053451758186
0.341708542713568,1.9052631578947368,1.776356839401466e-15
0.341708542713568,2.0,2.664535258836821e-15
0.3819095477386938,0.2,5.879251577953565e-10
0.3819095477386938,0.2947368421052632,5.6308220717023254e-15
0.3819095477386938,0.3894736842105263,4.880803706736219e-16
0.3819095477386938,0.4842105263157895,1.5084230069478558e-16
0.3819095477386938,0.5789473684210527,6.522560269672795e-16
0.3819095477386938,0.6736842105263159,1.3322531069000152e-15
0.3819095477386938,0.7684210526315789,8.326836020624428e-16
0.3819095477386938,0.8631578947368421,3.1086244689504383e-15
0.3819095477386938,0.9578947368421054,4.440892098500626e-16
0.3819095477386938,1.0526315789473684,1.3322676295501878e-15
0.3819095477386938,1.1473684210526316,1.6187091533893236
0.3819095477386938,1.2421052631578948,1.7763568394002505e-15
0.3819095477386938,1.3368421052631578,1.6192822780641785
0.3819095477386938,1.431578947368421,8.881784197001252e-16
0.3819095477386938,1.5263157894736843,4.884981308350689e-15
0.3819095477386938,1.6210526315789473,1.6203092162909056
0.3819095477386938,1.7157894736842105,4.884981308350689e-15
0.3819095477386938,1.8105263157894738,3.5223128159869673e-15
0.3819095477386938,1.9052631578947368,1.6215383060757096
0.3819095477386938,2.0,1.6219931693215481
0.4221105527638196,0.2,1.0209555277063377e-09
0.4221105527638196,0.2947368421052632,5.0929318846243556e-14
0.4221105527638196,0.3894736842105263,2.6451311088589757e-16
0.4221105527638196,0.4842105263157895,0.9412207871424462
0.4221105527638196,0.5789473684210527,2.216685222964504e-15
0.4221105527638196,0.6736842105263159,2.6645352591003757e-15
0.4221105527638196,0.7684210526315789,4.440892098500626e-16
0.4221105527638196,0.8631578947368421,4.440892098500626e-16
0.4221105527638196,0.9578947368421054,1.5780519378878015
0.4221105527638196,1.0526315789473684,2.220446049250313e-15
0.4221105527638196,1.1473684210526316,2.220446049250313e-15
0.4221105527638196,1.2421052631578948,8.881784197001252e-16
0.4221105527638196,1.3368421052631578,2.886579864025407e-15
0.4221105527638196,1.431578947368421,2.220446049250313e-15
0.4221105527638196,1.5263157894736843,3.9968028886505635e-15
0.4221105527638196,1.6210526315789473,1.5801932843275384
0.4221105527638196,1.7157894736842105,3.1086244689504387e-15
0.4221105527638196,1.8105263157894738,6.878551273672395e-16
0.4221105527638196,1.9052631578947368,1.581456288330772
0.4221105527638196,2.0,2.6830751562917253e-15
0.4623115577889445,0.2,4.819811409880178e-10
0.4623115577889445,0.2947368421052632,5.07469109225103e-14
0.4623115577889445,0.3894736842105263,8.44618798106701e-16
0.4623115577889445,0.4842105263157895,2.1789649643436134e-15
0.4623115577889445,0.5789473684210527,4.440892098500626e-16
0.4623115577889445,0.6736842105263159,1.2804190935127375
0.4623115577889445,0.7684210526315789,8.881784197001252e-16
0.4623115577889445,0.8631578947368421,2.220446049250313e-15
0.4623115577889445,0.9578947368421054,1.3322676295501878e-15
0.4623115577889445,1.0526315789473684,1.7763568394002505e-15
0.4623115577889445,1.1473684210526316,3.9968028886505635e-15
0.4623115577889445,1.2421052631578948,3.1086244689504383e-15
0.4623115577889445,1.3368421052631578,1.7763568394002505e-15
0.4623115577889445,1.431578947368421,1.5393352725139702
0.4623115577889445,1.5263157894736843,1.5396967193280748
0.4623115577889445,1.6210526315789473,2.6645352591003757e-15
0.4623115577889445,1.7157894736842105,4.884981308350675e-15
0.4623115577889445,1.8105263157894738,1.5409238215560075
0.4623115577889445,1.9052631578947368,1.9984014413196235e-15
0.4623115577889445,2.0,1.5418615086353613
0.5025125628140703,0.2,4.95401877504153e-10
0.5025125628140703,0.2947368421052632,1.1315609189707547e-14
0.5025125628140703,0.3894736842105263,0.7513466525576996
0.5025125628140703,0.4842105263157895,0.9290136529214216
0.5025125628140703,0.5789473684210527,1.2427667402115095e-15
0.5025125628140703,0.6736842105263159,1.5253064512413817e-15
0.5025125628140703,0.7684210526315789,3.9072101100406845e-16
0.5025125628140703,0.8631578947368421,4.440892098500626e-16
0.5025125628140703,0.9578947368421054,1.4977121771955675
0.5025125628140703,1.0526315789473684,4.440892098500626e-16
0.5025125628140703,1.1473684210526316,2.220446049250313e-15
0.5025125628140703,1.2421052631578948,4.440892098500626e-15
0.5025125628140703,1.3368421052631578,2.886579864025407e-15
0.5025125628140703,1.431578947368421,1.3322676295501878e-15
0.5025125628140703,1.5263157894736843,1.4995792028661523
0.5025125628140703,1.6210526315789473,1.4999754986235183
0.5025125628140703,1.7157894736842105,3.1086244689504383e-15
0.5025125628140703,1.8105263157894738,1.5008418162388957
0.5025125628140703,1.9052631578947368,2.2204459972135582e-15
0.5025125628140703,2.0,8.881803669130124e-16
0.5427135678391961,0.2,1.0056361698282268e-09
0.5427135678391961,0.2947368421052632,3.9232754149229704e-14
0.5427135678391961,0.3894736842105263,4.500551154822153e-15
0.5427135678391961,0.4842105263157895,8.881784197001252e-16
0.5427135678391961,0.5789473684210527,2.280077168737016e-16
0.5427135678391961,0.6736842105263159,1.2538737069145902
0.5427135678391961,0.7684210526315789,2.6645352591003757e-15
0.5427135678391961,0.8631578947368421,4.884981308350689e-15
0.5427135678391961,0.9578947368421054,8.881784197001252e-16
0.5427135678391961,1.0526315789473684,8.881784197001252e-16
0.5427135678391961,1.1473684210526316,1.458085868851821
0.5427135678391961,1.2421052631578948,7.327471962526033e-15
0.5427135678391961,1.3368421052631578,1.4587260239641453
0.5427135678391961,1.431578947368421,2.6645352591003757e-15
0.5427135678391961,1.5263157894736843,4.440892098500626e-15
0.5427135678391961,1.6210526315789473,9.547918011776346e-15
0.5427135678391961,1.7157894736842105,1.3322676295530828e-15
0.5427135678391961,1.8105263157894738,1.4607666024740655
0.5427135678391961,1.9052631578947368,1.3322679848238673e-15
0.5427135678391961,2.0,2.922172810366853e-15
0.5829145728643219,0.2,6.15028939190873e-10
0.5829145728643219,0.2947368421052632,5.492790163392776e-14
0.5829145728643219,0.3894736842105263,0.7408118231124885
0.5829145728643219,0.4842105263157895,4.440892098500626e-16
0.5829145728643219,0.5789473684210527,1.7763568394002505e-15
0.5829145728643219,0.6736842105263159,2.8828587556822163e-15
0.5829145728643219,0.7684210526315789,1.368482570821436
0.5829145728643219,0.8631578947368421,2.2205613445245787e-16
0.5829145728643219,0.9578947368421054,8.881784197001252e-16
0.5829145728643219,1.0526315789473684,1.417645452741472
0.5829145728643219,1.1473684210526316,5.773159728050814e-15
0.5829145728643219,1.2421052631578948,4.440892098500626e-15
0.5829145728643219,1.3368421052631578,4.440892098500626e-16
0.5829145728643219,1.431578947368421,1.7763568394002505e-15
0.5829145728643219,1.5263157894736843,4.440892098500626e-16
0.5829145728643219,1.6210526315789473,3.1086244689504383e-15
0.5829145728643219,1.7157894736842105,4.440892097264235e-16
0.5829145728643219,1.8105263157894738,1.3322676548597915e-15
0.5829145728643219,1.9052631578947368,1.5542891825502676e-15
0.5829145728643219,2.0,2.1649225067347272e-16
0.6231155778894477,0.2,2.9717457998883694e-10
0.6231155778894477,0.2947368421052632,2.95783612203201e-14
0.6231155778894477,0.3894736842105263,1.3322684113948482e-15
0.6231155778894477,0.4842105263157895,0.9063051081741073
0.6231155778894477,0.5789473684210527,1.0709496137282324
0.6231155778894477,0.6736842105263159,1.2223613949494374
0.6231155778894477,0.7684210526315789,8.881784197001252e-16
0.6231155778894477,0.8631578947368421,5.8286777883621505e-16
0.6231155778894477,0.9578947368421054,3.1086244689504383e-15
0.6231155778894477,1.0526315789473684,4.884981308350689e-15
0.6231155778894477,1.1473684210526316,4.440892098500626e-16
0.6231155778894477,1.2421052631578948,7.840779450315508e-16
0.6231155778894477,1.3368421052631578,1.3784702816009047
0.6231155778894477,1.431578947368421,2.979505842746311e-15
0.6231155778894477,1.5263157894736843,2.6524994482421983e-15
0.6231155778894477,1.6210526315789473,4.440892098501261e-15
0.6231155778894477,1.7157894736842105,1.3322676287216658e-15
0.6231155778894477,1.8105263157894738,1.332268328742629e-15
0.6231155778894477,1.9052631578947368,1.3811541151900477
0.6231155778894477,2.0,1.9253278790482678e-15
0.6633165829145726,0.2,9.38799964398927e-10
0.6633165829145726,0.2947368421052632,1.8152335892093117e-14
0.6633165829145726,0.3894736842105263,9.436907124792244e-16
0.6633165829145726,0.4842105263157895,6.4844669116454345e-15
0.6633165829145726,0.5789473684210527,1.0586636664618905
0.6633165829145726,0.6736842105263159,1.2045998727897778
0.6633165829145726,0.7684210526315789,1.3322676295501878e-15
0.6633165829145726,0.8631578947368421,1.7208601227099118e-15
0.6633165829145726,0.9578947368421054,3.1086244689504383e-15
0.6633165829145726,1.0526315789473684,1.3373382133760614
0.6633165829145726,1.1473684210526316,8.881784197001252e-16
0.6633165829145726,1.2421052631578948,2.220446049250313e-16
0.6633165829145726,1.3368421052631578,1.3383492367482737
0.6633165829145726,1.431578947368421,2.4424906541753444e-15
0.6633165829145726,1.5263157894736843,1.3391611490783852
0.6633165829145726,1.6210526315789473,3.7313901968580175e-15
0.6633165829145726,1.7157894736842105,8.881784127814516e-16
0.6633165829145726,1.8105263157894738,1.3405882184962754
0.6633165829145726,1.9052631578947368,1.6176663778321209e-16
0.6633165829145726,2.0,4.478701029358951e-17
0.7035175879396984,0.2,8.040462432565482e-10
0.7035175879396984,0.2947368421052632,5.077467454868452e-14
0.7035175879396984,0.3894736842105263,5.829681187932234e-16
0.7035175879396984,0.4842105263157895,6.299214622140781e-16
0.7035175879396984,0.5789473684210527,2.4817387728193196e-16
0.7035175879396984,0.6736842105263159,3.652476771573664e-15
0.7035175879396984,0.7684210526315789,2.220446049250313e-15
0.7035175879396984,0.8631578947368421,3.9968028886505635e-15
0.7035175879396984,0.9578947368421054,1.2968975005114158
0.7035175879396984,1.0526315789473684,6.661338147750939e-16
0.7035175879396984,1.1473684210526316,5.773159728050814e-15
0.7035175879396984,1.2421052631578948,1.297856863779396
0.7035175879396984,1.3368421052631578,1.3281498513127112e-15
0.7035175879396984,1.431578947368421,1.2257524378874836e-15
0.7035175879396984,1.5263157894736843,4.3568960713417816e-15
0.7035175879396984,1.6210526315789473,8.180305397876034e-16
0.7035175879396984,1.7157894736842105,4.440884791916054e-16
0.7035175879396984,1.8105263157894738,1.300547093020243
0.7035175879396984,1.9052631578947368,4.222511560502636e-15
0.7035175879396984,2.0,1.3016761389891738
0.7437185929648242,0.2,4.6637294455429304e-11
0.7437185929648242,0.2947368421052632,4.822093961216954e-14
0.7437185929648242,0.3894736842105263,1.445953096377409e-16
0.7437185929648242,0.4842105263157895,1.5959455978986625e-16
0.7437185929648242,0.5789473684210527,8.881784197001252e-16
0.7437185929648242,0.6736842105263159,1.1648419721674443
0.7437185929648242,0.7684210526315789,1.1838961276848558e-15
0.7437185929648242,0.8631578947368421,1.2564693248315575
0.7437185929648242,0.9578947368421054,4.440892098500626e-16
0.7437185929648242,1.0526315789473684,6.661338147750939e-16
0.7437185929648242,1.1473684210526316,2.886579864025407e-15
0.7437185929648242,1.2421052631578948,1.2577337920278644
0.7437185929648242,1.3368421052631578,2.220446049250313e-15
0.7437185929648242,1.431578947368421,1.2585419930701818
0.7437185929648242,1.5263157894736843,1.6895054690113395e-15
0.7437185929648242,1.6210526315789473,6.661338231278712e-16
0.7437185929648242,1.7157894736842105,1.5543153999752477e-15
0.7437185929648242,1.8105263157894738,1.2605166838104378
0.7437185929648242,1.9052631578947368,2.2773872860344027e-15
0.7437185929648242,2.0,4.858590663410679e-15
0.78391959798995,0.2,7.213292795420026e-10
0.78391959798995,0.2947368421052632,1.4798512095801414e-14
0.78391959798995,0.3894736842105263,1.0595094679844506e-15
0.78391959798995,0.4842105263157895,2.1447312304534485e-15
0.78391959798995,0.5789473684210527,1.0161364306285425
0.78391959798995,0.6736842105263159,7.142195112312545e-16
0.78391959798995,0.7684210526315789,1.2148908720719045
0.78391959798995,0.8631578947368421,3.552713678800501e-15
0.78391959798995,0.9578947368421054,4.440892098500626e-16
0.78391959798995,1.0526315789473684,1.3322676295501878e-15
0.78391959798995,1.1473684210526316,1.9614398648970116e-15
0.78391959798995,1.2421052631578948,4.712528008509031e-15
0.78391959798995,1.3368421052631578,4.218847493575595e-15
0.78391959798995,1.431578947368421,1.2184527956236473
0.78391959798995,1.5263157894736843,4.440892100934779e-16
0.78391959798995,1.6210526315789473,1.512679394062804e-15
0.78391959798995,1.7157894736842105,1.9984465269748634e-15
0.78391959798995,1.8105263157894738,5.3209569688161534e-15
0.78391959798995,1.9052631578947368,2.2713656419495885e-15
0.78391959798995,2.0,9.191451793586514e-15
0.8241206030150758,0.2,9.470780227933634e-10
0.8241206030150758,0.2947368421052632,2.704478375452852e-14
0.8241206030150758,0.3894736842105263,2.595788417357438e-16
0.8241206030150758,0.4842105263157895,0.855498451127956
0.8241206030150758,0.5789473684210527,0.9999426049878852
0.8241206030150758,0.6736842105263159,2.1574258301964824e-15
0.8241206030150758,0.7684210526315789,9.375224696166207e-16
0.8241206030150758,0.8631578947368421,1.1761488133705638
0.8241206030150758,0.9578947368421054,1.1764409135734275
0.8241206030150758,1.0526315789473684,2.4424906541753444e-15
0.8241206030150758,1.1473684210526316,1.1771183201175393
0.8241206030150758,1.2421052631578948,3.375904815949096e-15
0.8241206030150758,1.3368421052631578,3.3306690738754673e-15
0.8241206030150758,1.431578947368421,2.4424906541683653e-15
0.8241206030150758,1.5263157894736843,3.996802894958784e-15
0.8241206030150758,1.6210526315789473,1.179367287365719
0.8241206030150758,1.7157894736842105,2.2645812180497315e-15
0.8241206030150758,1.8105263157894738,1.1804926569832335
0.8241206030150758,1.9052631578947368,6.563775840513746e-15
0.8241206030150758,2.0,3.1359241228882144e-14
0.8643216080402008,0.2,5.215909546591615e-10
0.8643216080402008,0.2947368421052632,5.0696939265874243e-14
0.8643216080402008,0.3894736842105263,0.6895683631939319
0.8643216080402008,0.4842105263157895,2.518818487118324e-15
0.8643216080402008,0.5789473684210527,0.9826113256780252
0.8643216080402008,0.6736842105263159,1.0933334316866463
0.8643216080402008,0.7684210526315789,1.2777392071437463e-15
0.8643216080402008,0.8631578947368421,1.1359929933015036
0.8643216080402008,0.9578947368421054,1.1362958540613266
0.8643216080402008,1.0526315789473684,8.881784197001252e-16
0.8643216080402008,1.1473684210526316,2.4424906541753444e-15
0.8643216080402008,1.2421052631578948,1.1373990102391727
0.8643216080402008,1.3368421052631578,1.3322676295501048e-15
0.8643216080402008,1.431578947368421,1.1382992106322767
0.8643216080402008,1.5263157894736843,6.661335495036283e-16
0.8643216080402008,1.6210526315789473,2.4225904406935926e-15
0.8643216080402008,1.7157894736842105,1.1399004454184443
0.8643216080402008,1.8105263157894738,7.465075128552695e-17
0.8643216080402008,1.9052631578947368,1.9870971528809794e-14
0.8643216080402008,2.0,9.124721457468646e-14
0.9045226130653266,0.2,2.1970381490697003e-10
0.9045226130653266,0.2947368421052632,4.592150031888666e-14
0.9045226130653266,0.3894736842105263,1.1580981736772861e-15
0.9045226130653266,0.4842105263157895,3.481413629395481e-15
0.9045226130653266,0.5789473684210527,5.175325859147071e-16
0.9045226130653266,0.6736842105263159,2.6226288071205264e-16
0.9045226130653266,0.7684210526315789,9.662409761902883e-16
0.9045226130653266,0.8631578947368421,4.440892098500626e-16
0.9045226130653266,0.9578947368421054,7.198729775289877e-16
0.9045226130653266,1.0526315789473684,8.881784197001252e-16
0.9045226130653266,1.1473684210526316,1.0968849776163667
0.9045226130653266,1.2421052631578948,1.0973010886036787
0.9045226130653266,1.3368421052631578,4.367903977199153e-16
0.9045226130653266,1.431578947368421,1.0982367301058842
0.9045226130653266,1.5263157894736843,3.108626384251788e-15
0.9045226130653266,1.6210526315789473,6.4400702126569495e-15
0.9045226130653266,1.7157894736842105,1.5516406909890257e-15
0.9045226130653266,1.8105263157894738,1.0749202581067255e-14
0.9045226130653266,1.9052631578947368,5.5925028682783543e-14
0.9045226130653266,2.0,3.0177707155882917e-13
0.9447236180904524,0.2,7.93842468896482e-10
0.9447236180904524,0.2947368421052632,1.995829857626408e-14
0.9447236180904524,0.3894736842105263,8.454285609730823e-16
0.9447236180904524,0.4842105263157895,2.053912595556506e-15
0.9447236180904524,0.5789473684210527,8.263074421122436e-16
0.9447236180904524,0.6736842105263159,1.0364621872990027
0.9447236180904524,0.7684210526315789,4.440892247452579e-16
0.9447236180904524,0.8631578947368421,1.7763568394002505e-15
0.9447236180904524,0.9578947368421054,4.440892098500626e-16
0.9447236180904524,1.0526315789473684,1.7763568394002505e-15
0.9447236180904524,1.1473684210526316,1.0567783368830383
0.9447236180904524,1.2421052631578948,3.9522267779993843e-16
0.9447236180904524,1.3368421052631578,1.0576802785239003
0.9447236180904524,1.431578947368421,1.0581853149485858
0.9447236180904524,1.5263157894736843,1.9199748957517798e-17
0.9447236180904524,1.6210526315789473,1.0593046030673121
0.9447236180904524,1.7157894736842105,5.7606553376779265e-15
0.9447236180904524,1.8105263157894738,3.0402855244184414e-14
0.9447236180904524,1.9052631578947368,1.8570963824188687e-13
0.9447236180904524,2.0,9.198472250524662e-13
0.9849246231155782,0.2,8.944083771919964e-10
0.9849246231155782,0.2947368421052632,1.3756354464394908e-14
0.9849246231155782,0.3894736842105263,2.6632028762743447e-16
0.9849246231155782,0.4842105263157895,0.8015400784288165
0.9849246231155782,0.5789473684210527,7.134707765635081e-16
0.9849246231155782,0.6736842105263159,1.632035852818739e-16
0.9849246231155782,0.7684210526315789,1.1727392325165566e-15
0.9849246231155782,0.8631578947368421,2.220446049250313e-15
0.9849246231155782,0.9578947368421054,2.3464448225887076e-15
0.9849246231155782,1.0526315789473684,1.0162653789457938
0.9849246231155782,1.1473684210526316,2.6645352591003757e-15
0.9849246231155782,1.2421052631578948,2.2204460492424457e-16
0.9849246231155782,1.3368421052631578,8.881784226499789e-16
0.9849246231155782,1.431578947368421,1.018146344780764
0.9849246231155782,1.5263157894736843,6.749263985064076e-16
0.9849246231155782,1.6210526315789473,7.077065608078266e-15
0.9849246231155782,1.7157894736842105,1.3527224437152744e-14
0.9849246231155782,1.8105263157894738,1.1075650986577692e-13
0.9849246231155782,1.9052631578947368,6.041715742314529e-13
0.9849246231155782,2.0,2.758938742951501e-12
1.025125628140704,0.2,5.29118151534677e-10
1.025125628140704,0.2947368421052632,4.203365770183712e-14
1.025125628140704,0.3894736842105263,0.6487154402697972
1.025125628140704,0.4842105263157895,5.513713481129271e-16
1.025125628140704,0.5789473684210527,0.9010656646055009
1.025125628140704,0.6736842105263159,7.847115650193766e-16
1.025125628140704,0.7684210526315789,1.8474805020130663e-16
1.025125628140704,0.8631578947368421,0.9754081767565757
1.025125628140704,0.9578947368421054,8.881784197001252e-16
1.025125628140704,1.0526315789473684,2.0624135684939427e-15
1.025125628140704,1.1473684210526316,1.554312234475219e-15
1.025125628140704,1.2421052631578948,3.3374247891523177e-15
1.025125628140704,1.3368421052631578,0.9775713076121436
1.025125628140704,1.431578947368421,4.815751321905709e-15
1.025125628140704,1.5263157894736843,7.908584759547577e-16
1.025125628140704,1.6210526315789473,9.855501952785513e-15
1.025125628140704,1.7157894736842105,5.984799924136529e-14
1.025125628140704,1.8105263157894738,3.7772950694825794e-13
1.025125628140704,1.9052631578947368,1.932108003859465e-12
1.025125628140704,2.0,8.244967938725012e-12
1.0653266331658289,0.2,5.977113504150739e-11
1.0653266331658289,0.2947368421052632,5.063443368873048e-14
1.0653266331658289,0.3894736842105263,1.441141856458166e-17
1.0653266331658289,0.4842105263157895,2.024404088179594e-15
1.0653266331658289,0.5789473684210527,2.6613478389448466e-15
1.0653266331658289,0.6736842105263159,1.0712417686122589e-15
1.0653266331658289,0.7684210526315789,1.6930830441932494e-15
1.0653266331658289,0.8631578947368421,8.881784197001252e-16
1.0653266331658289,0.9578947368421054,0.9356455959233011
1.0653266331658289,1.0526315789473684,4.440892098500626e-16
1.0653266331658289,1.1473684210526316,0.9365093525973754
1.0653266331658289,1.2421052631578948,4.440892052907588e-16
1.0653266331658289,1.3368421052631578,1.3322778763414424e-15
1.0653266331658289,1.431578947368421,3.5196915868629577e-16
1.0653266331658289,1.5263157894736843,3.950611191823754e-15
1.0653266331658289,1.6210526315789473,3.1315274787362617e-14
1.0653266331658289,1.7157894736842105,2.2347726974240319e-13
1.0653266331658289,1.8105263157894738,1.304657152890904e-12
1.0653266331658289,1.9052631578947368,6.1691759313246575e-12
1.0653266331658289,2.0,2.4546314917421006e-11
1.1055276381909547,0.2,5.797396160407704e-10
1.1055276381909547,0.2947368421052632,4.2831827368122495e-14
1.1055276381909547,0.3894736842105263,2.8802254228551033e-16
1.1055276381909547,0.4842105263157895,4.192865754673473e-16
1.1055276381909547,0.5789473684210527,0.8516543046502573
1.1055276381909547,0.6736842105263159,1.7970017612910485e-15
1.1055276381909547,0.7684210526315789,0.8947989164361104
1.1055276381909547,0.8631578947368421,0.8951463944247154
1.1055276381909547,0.9578947368421054,5.276637465196923e-17
1.1055276381909547,1.0526315789473684,0.8959667422857848
1.1055276381909547,1.1473684210526316,1.3322676295194915e-15
1.1055276381909547,1.2421052631578948,0.8969575866809976
1.1055276381909547,1.3368421052631578,1.55499193858698e-15
1.1055276381909547,1.431578947368421,5.2662918676880125e-17
1.1055276381909547,1.5263157894736843,1.3248343795708463e-14
1.1055276381909547,1.6210526315789473,1.2229628751538884e-13
1.1055276381909547,1.7157894736842105,8.340725725474597e-13
1.1055276381909547,1.8105263157894738,4.454274090084248e-12
1.1055276381909547,1.9052631578947368,1.951833158672942e-11
1.1055276381909547,2.0,7.256177975050054e-11
1.1457286432160805,0.2,8.408539847881967e-10
1.1457286432160805,0.2947368421052632,2.4524826012538775e-14
1.1457286432160805,0.3894736842105263,0.6113365747836028
1.1457286432160805,0.4842105263157895,8.775508654140067e-16
1.1457286432160805,0.5789473684210527,1.1961176425692228e-15
1.1457286432160805,0.6736842105263159,9.560441209812439e-16
1.1457286432160805,0.7684210526315789,9.713653225049123e-17
1.1457286432160805,0.8631578947368421,1.2769756792254008e-15
1.1457286432160805,0.9578947368421054,6.295843829091378e-16
1.1457286432160805,1.0526315789473684,2.2204460492502976e-16
1.1457286432160805,1.1473684210526316,1.78763613978319e-15
1.1457286432160805,1.2421052631578948,6.772363906243914e-15
1.1457286432160805,1.3368421052631578,2.00916990200724e-15
1.1457286432160805,1.431578947368421,2.5121734426756262e-15
1.1457286432160805,1.5263157894736843,6.102531081004906e-14
1.1457286432160805,1.6210526315789473,4.985065768811183e-13
1.1457286432160805,1.7157894736842105,3.0911797289839325e-12
1.1457286432160805,1.8105263157894738,1.512724646087577e-11
1.1457286432160805,1.9052631578947368,6.139201594001114e-11
1.1457286432160805,2.0,2.13287629206889e-10
1.1859296482412063,0.2,8.076237093877196e-10
1.1859296482412063,0.2947368421052632,2.788533355749223e-15
1.1859296482412063,0.3894736842105263,5.273559366969491e-16
1.1859296482412063,0.4842105263157895,3.2943611293517575e-16
1.1859296482412063,0.5789473684210527,1.6152486347195576e-16
1.1859296482412063,0.6736842105263159,1.1188966420858475e-15
1.1859296482412063,0.7684210526315789,4.301917898279542e-16
1.1859296482412063,0.8631578947368421,0.8149134259212418
1.1859296482412063,0.9578947368421054,0.8153433192141332
1.1859296482412063,1.0526315789473684,1.970873812580881e-15
1.1859296482412063,1.1473684210526316,0.8163445189638361
1.1859296482412063,1.2421052631578948,4.4297338511471966e-16
1.1859296482412063,1.3368421052631578,9.32252708695753e-17
1.1859296482412063,1.431578947368421,2.8695113896527655e-14
1.1859296482412063,1.5263157894736843,2.804130097489902e-13
1.1859296482412063,1.6210526315789473,2.0399620753907654e-12
1.1859296482412063,1.7157894736842105,1.1369868493618092e-11
1.1859296482412063,1.8105263157894738,5.098761386816593e-11
1.1859296482412063,1.9052631578947368,1.9168727897379448e-10
1.1859296482412063,2.0,6.229746202547505e-10
1.226130653266332,0.2,5.613569405140637e-10
1.226130653266332,0.2947368421052632,1.4518565847392384e-14
1.226130653266332,0.3894736842105263,0.5825930405285895
1.226130653266332,0.4842105263157895,8.190485984911207e-17
1.226130653266332,0.5789473684210527,3.14954954085165e-16
1.226130653266332,0.6736842105263159,7.124516688652646e-16
1.226130653266332,0.7684210526315789,0.7744060923555018
1.226130653266332,0.8631578947368421,1.7342944440454182e-16
1.226130653266332,0.9578947368421054,4.564951294611385e-17
1.226130653266332,1.0526315789473684,1.55431223471622e-15
1.226130653266332,1.1473684210526316,1.0378154907577963e-17
1.226130653266332,1.2421052631578948,6.2343539088008306e-15
1.226130653266332,1.3368421052631578,1.154444816652249e-14
1.226130653266332,1.431578947368421,1.4180495089617551e-13
1.226130653266332,1.5263157894736843,1.2635363055384247e-12
1.226130653266332,1.6210526315789473,8.229891290179074e-12
1.226130653266332,1.7157894736842105,4.143294965455434e-11
1.226130653266332,1.8105263157894738,1.7036491648240286e-10
1.226130653266332,1.9052631578947368,5.941002348900449e-10
1.226130653266332,2.0,1.8075578513875153e-09
1.266331658291457,0.2,2.2616618107912005e-10
1.266331658291457,0.2947368421052632,3.018144002130208e-14
1.266331658291457,0.3894736842105263,0.5669148282875166
1.266331658291457,0.4842105263157895,1.7128639265405547e-15
1.266331658291457,0.5789473684210527,2.5275867465641595e-16
1.266331658291457,0.6736842105263159,3.168136034894267e-17
1.266331658291457,0.7684210526315789,8.951121026513221e-16
1.266331658291457,0.8631578947368421,3.683934685460074e-16
1.266331658291457,0.9578947368421054,8.881784197001252e-16
1.266331658291457,1.0526315789473684,0.7357326045945225
1.266331658291457,1.1473684210526316,0.7363192464665531
1.266331658291457,1.2421052631578948,5.007331798675085e-15
1.266331658291457,1.3368421052631578,6.443490296086598e-14
1.266331658291457,1.431578947368421,7.322179488725115e-13
1.266331658291457,1.5263157894736843,5.693027623158632e-12
1.266331658291457,1.6210526315789473,3.280304199425002e-11
1.266331658291457,1.7157894736842105,1.4946407326334338e-10
1.266331658291457,1.8105263157894738,5.643050533579562e-10
1.266331658291457,1.9052631578947368,1.8270932160521068e-09
1.266331658291457,2.0,5.2081366658335736e-09
1.3065326633165828,0.2,9.258265464263844e-11
1.3065326633165828,0.2947368421052632,3.771089443751247e-14
1.3065326633165828,0.3894736842105263,9.987670413107589e-16
1.3065326633165828,0.4842105263157895,3.4429168629042617e-16
1.3065326633165828,0.5789473684210527,8.817402853996795e-16
1.3065326633165828,0.6736842105263159,0.6937866267931396
1.3065326633165828,0.7684210526315789,6.074625868432502e-16
1.3065326633165828,0.8631578947368421,2.204631710397252e-16
1.3065326633165828,0.9578947368421054,1.7763568394002505e-15
1.3065326633165828,1.0526315789473684,3.9981327365979226e-16
1.3065326633165828,1.1473684210526316,4.226985553023349e-16
1.3065326633165828,1.2421052631578948,2.4851107430662745e-14
1.3065326633165828,1.3368421052631578,3.8333285308495184e-13
1.3065326633165828,1.431578947368421,3.7203737249634235e-12
1.3065326633165828,1.5263157894736843,2.5156631922561404e-11
1.3065326633165828,1.6210526315789473,1.2912417505186115e-10
1.3065326633165828,1.7157894736842105,5.33590012531104e-10
1.3065326633165828,1.8105263157894738,1.8521069696043182e-09
1.3065326633165828,1.9052631578947368,5.573420689708172e-09
1.3065326633165828,2.0,1.4896097409408664e-08
1.3467336683417086,0.2,3.3606152893720016e-10
1.3467336683417086,0.2947368421052632,4.019087384133375e-14
1.3467336683417086,0.3894736842105263,8.712174319696161e-16
1.3467336683417086,0.4842105263157895,1.879026357243808e-16
1.3467336683417086,0.5789473684210527,7.39322545580103e-17
1.3467336683417086,0.6736842105263159,1.0408129422172554e-15
1.3467336683417086,0.7684210526315789,1.2987287046698123e-16
1.3467336683417086,0.8631578947368421,7.115934237445385e-17
1.3467336683417086,0.9578947368421054,8.881784197001252e-16
1.3467336683417086,1.0526315789473684,0.6557269912563587
1.3467336683417086,1.1473684210526316,9.223970144696505e-15
1.3467336683417086,1.2421052631578948,1.7842230335537579e-13
1.3467336683417086,1.3368421052631578,2.2660359814625388e-12
1.3467336683417086,1.431578947368421,1.8560656745659985e-11
1.3467336683417086,1.5263157894736843,1.0951698263237702e-10
1.3467336683417086,1.6210526315789473,5.01959525493355e-10
1.3467336683417086,1.7157894736842105,1.8842221432813833e-09
1.3467336683417086,1.8105263157894738,6.020644604649179e-09
1.3467336683417086,1.9052631578947368,1.6855769821786615e-08
1.3467336683417086,2.0,4.227395513916059e-08
1.3869346733668344,0.2,4.896516506291966e-10
1.3869346733668344,0.2947368421052632,4.2233761462921204e-14
1.3869346733668344,0.3894736842105263,5.932755022611906e-16
1.3869346733668344,0.4842105263157895,2.1116496964462226e-16
1.3869346733668344,0.5789473684210527,2.4286131921466676e-16
1.3869346733668344,0.6736842105263159,4.4370082421636563e-16
1.3869346733668344,0.7684210526315789,0.6140169306139701
1.3869346733668344,0.8631578947368421,0.6145353582036112
1.3869346733668344,0.9578947368421054,2.255151516129575e-15
1.3869346733668344,1.0526315789473684,2.2014161254287594e-16
1.3869346733668344,1.1473684210526316,6.887390040887136e-14
1.3869346733668344,1.2421052631578948,1.2609307904942662e-12
1.3869346733668344,1.3368421052631578,1.3043280469716846e-11
1.3869346733668344,1.431578947368421,9.083233156108539e-11
1.3869346733668344,1.5263157894736843,4.693953235743074e-10
1.3869346733668344,1.6210526315789473,1.9256739163380492e-09
1.3869346733668344,1.7157894736842105,6.57784993044994e-09
1.3869346733668344,1.8105263157894738,1.9374154097786236e-08
1.3869346733668344,1.9052631578947368,5.0515065739070396e-08
1.3869346733668344,2.0,1.1897783601238384e-07
1.4271356783919602,0.2,5.651764734371145e-10
1.4271356783919602,0.2947368421052632,4.090369475057007e-14
1.4271356783919602,0.3894736842105263,9.909425097718628e-17
1.4271356783919602,0.4842105263157895,7.565818107596391e-17
1.4271356783919602,0.5789473684210527,2.542552952384602e-16
1.4271356783919602,0.6736842105263159,0.5734684360000643
1.4271356783919602,0.7684210526315789,0.5739578591748544
1.4271356783919602,0.8631578947368421,1.258033594964831e-17
1.4271356783919602,0.9578947368421054,8.050095176209925e-16
1.4271356783919602,1.0526315789473684,2.0614416714981605e-14
1.4271356783919602,1.1473684210526316,6.198130536351489e-13
1.4271356783919602,1.2421052631578948,8.614866028313857e-12
1.4271356783919602,1.3368421052631578,7.32741166734888e-11
1.4271356783919602,1.431578947368421,4.359174901050905e-10
1.4271356783919602,1.5263157894736843,1.979574023466816e-09
1.4271356783919602,1.6210526315789473,7.286324306847586e-09
1.4271356783919602,1.7157894736842105,2.2688428016695332e-08
1.4271356783919602,1.8105263157894738,6.168039337022345e-08
1.4271356783919602,1.9052631578947368,1.4992773471568157e-07
1.4271356783919602,2.0,3.318928090207424e-07
1.4673366834170851,0.2,5.808212148723463e-10
1.4673366834170851,0.2947368421052632,3.866874303428413e-14
1.4673366834170851,0.3894736842105263,6.34038757435775e-16
1.4673366834170851,0.4842105263157895,0.5278716000641507
1.4673366834170851,0.5789473684210527,1.190275340846552e-15
1.4673366834170851,0.6736842105263159,3.6835566646130524e-16
1.4673366834170851,0.7684210526315789,0.5339213618785401
1.4673366834170851,0.8631578947368421,5.883718909407777e-16
1.4673366834170851,0.9578947368421054,6.501130034454564e-15
1.4673366834170851,1.0526315789473684,2.5750963766225995e-13
1.4673366834170851,1.1473684210526316,5.24209002614359e-12
1.4673366834170851,1.2421052631578948,5.708314211992484e-11
1.4673366834170851,1.3368421052631578,4.015171705746895e-10
1.4673366834170851,1.431578947368421,2.0503777708278782e-09
1.4673366834170851,1.5263157894736843,8.208866068384033e-09
1.4673366834170851,1.6210526315789473,2.7173124636348862e-08
1.4673366834170851,1.7157894736842105,7.726595101950672e-08
1.4673366834170851,1.8105263157894738,1.9413782783055476e-07
1.4673366834170851,1.9052631578947368,4.4038043137743836e-07
1.4673366834170851,2.0,9.169945381092837e-07
1.507537688442211,0.2,5.452597897643743e-10
1.507537688442211,0.2947368421052632,3.257775288831139e-14
1.507537688442211,0.3894736842105263,4.659704119092561e-18
1.507537688442211,0.4842105263157895,0.49180635595053745
1.507537688442211,0.5789473684210527,3.122498491843256e-17
1.507537688442211,0.6736842105263159,0.4933376416011593
1.507537688442211,0.7684210526315789,0.4939132728362033
1.507537688442211,0.8631578947368421,3.04756932862205e-16
1.507537688442211,0.9578947368421054,8.097884421734973e-14
1.507537688442211,1.0526315789473684,2.8571849184987277e-12
1.507537688442211,1.1473684210526316,4.2505238551076747e-11
1.507537688442211,1.2421052631578948,3.6619334420886737e-10
1.507537688442211,1.3368421052631578,2.144716921431816e-09
1.507537688442211,1.431578947368421,9.444736420063279e-09
1.507537688442211,1.5263157894736843,3.344441187347634e-08
1.507537688442211,1.6210526315789473,9.979580350578058e-08
1.507537688442211,1.7157894736842105,2.595781865821875e-07
1.507537688442211,1.8105263157894738,6.035936201231538e-07
1.507537688442211,1.9052631578947368,1.2790657542581886e-06
1.507537688442211,2.0,2.507312713286464e-06
1.5477386934673367,0.2,4.4767130906686237e-10
1.5477386934673367,0.2947368421052632,1.8710079756643474e-14
1.5477386934673367,0.3894736842105263,0.422994439255829
1.5477386934673367,0.4842105263157895,4.419181639894952e-16
1.5477386934673367,0.5789473684210527,3.5317581321577015e-16
1.5477386934673367,0.6736842105263159,0.4533103963922479
1.5477386934673367,0.7684210526315789,1.192950888501404e-16
1.5477386934673367,0.8631578947368421,1.8751265132408137e-14
1.5477386934673367,0.9578947368421054,1.3294593996157277e-12
1.5477386934673367,1.0526315789473684,2.980628024805813e-11
1.5477386934673367,1.1473684210526316,3.2995682855147627e-10
1.5477386934673367,1.2421052631578948,2.2728057057123563e-09
1.5477386934673367,1.3368421052631578,1.1158118197645994e-08
1.5477386934673367,1.431578947368421,4.256570600690384e-08
1.5477386934673367,1.5263157894736843,1.3373859685410323e-07
1.5477386934673367,1.6210526315789473,3.6056280340211126e-07
1.5477386934673367,1.7157894736842105,8.59397922703463e-07
1.5477386934673367,1.8105263157894738,1.8518226447285807e-06
1.5477386934673367,1.9052631578947368,3.6696621250189273e-06
1.5477386934673367,2.0,6.777571331286972e-06
1.5879396984924625,0.2,2.5699304992986036e-10
1.5879396984924625,0.2947368421052632,4.43882450662994e-15
1.5879396984924625,0.3894736842105263,7.503574849272136e-17
1.5879396984924625,0.4842105263157895,5.691155268480516e-16
1.5879396984924625,0.5789473684210527,0.41271855379505207
1.5879396984924625,0.6736842105263159,3.390323394044235e-16
1.5879396984924625,0.7684210526315789,2.0550061891578347e-15
1.5879396984924625,0.8631578947368421,4.903852854900755e-13
1.5879396984924625,0.9578947368421054,1.9243497151473597e-11
1.5879396984924625,1.0526315789473684,2.9281586097913265e-10
1.5879396984924625,1.1473684210526316,2.4511342778398857e-09
1.5879396984924625,1.2421052631578948,1.3635743242983388e-08
1.5879396984924625,1.3368421052631578,5.647928531188559e-08
1.5879396984924625,1.431578947368421,1.8746471136495323e-07
1.5879396984924625,1.5263157894736843,5.242447021210282e-07
1.5879396984924625,1.6210526315789473,1.2799263987150206e-06
1.5879396984924625,1.7157894736842105,2.8002767326053325e-06
1.5879396984924625,1.8105263157894738,5.598958343543241e-06
1.5879396984924625,1.9052631578947368,1.038629436797561e-05
1.5879396984924625,2.0,1.8088294742976513e-05
1.6281407035175883,0.2,5.385468446116047e-11
1.6281407035175883,0.2947368421052632,2.935464780971589e-14
1.6281407035175883,0.3894736842105263,1.306161647450862e-16
1.6281407035175883,0.4842105263157895,1.0675833860603746e-16
1.6281407035175883,0.5789473684210527,2.418641664658697e-16
1.6281407035175883,0.6736842105263159,0.37337614290690846
1.6281407035175883,0.7684210526315789,1.2422819105631409e-13
1.6281407035175883,0.8631578947368421,1.1020846862780435e-11
1.6281407035175883,0.9578947368421054,2.5478040003763067e-10
1.6281407035175883,1.0526315789473684,2.707897109191579e-09
1.6281407035175883,1.1473684210526316,1.741235791261155e-08
1.6281407035175883,1.2421052631578948,7.898156389958974e-08
1.6281407035175883,1.3368421052631578,2.777338773712445e-07
1.6281407035175883,1.431578947368421,8.055314988112633e-07
1.6281407035175883,1.5263157894736843,2.011147715950797e-06
1.6281407035175883,1.6210526315789473,4.456568175200626e-06
1.6281407035175883,1.7157894736842105,8.965167263021038e-06
1.6281407035175883,1.8105263157894738,1.6654676310990802e-05
1.6281407035175883,1.9052631578947368,2.895104461426515e-05
1.6281407035175883,2.0,4.758253220964278e-05
1.6683417085427132,0.2,4.247952854876865e-10
1.6683417085427132,0.2947368421052632,3.417001683902244e-14
1.6683417085427132,0.3894736842105263,6.682272737884322e-16
1.6683417085427132,0.4842105263157895,3.9594195505915414e-16
1.6683417085427132,0.5789473684210527,3.4446493251024886e-16
1.6683417085427132,0.6736842105263159,1.5485361187297337e-14
1.6683417085427132,0.7684210526315789,5.2479666916198425e-12
1.6683417085427132,0.8631578947368421,2.1589512912274246e-10
1.6683417085427132,0.9578947368421054,3.0948665081101744e-09
1.6683417085427132,1.0526315789473684,2.3569679600526774e-08
1.6683417085427132,1.1473684210526316,1.1813045312497327e-07
1.6683417085427132,1.2421052631578948,4.4088852664142975e-07
1.6683417085427132,1.3368421052631578,1.3241448518849105e-06
1.6683417085427132,1.431578947368421,3.3699537027926648e-06
1.6683417085427132,1.5263157894736843,7.5341730817607456e-06
1.6683417085427132,1.6210526315789473,1.5186698114617574e-05
1.6683417085427132,1.7157894736842105,2.813817175878076e-05
1.6683417085427132,1.8105263157894738,4.863094719742449e-05
1.6683417085427132,1.9052631578947368,7.929807820657281e-05
1.6683417085427132,2.0,0.00012309773885426707
1.708542713567839,0.2,5.705307713935218e-10
1.708542713567839,0.2947368421052632,7.252000331928464e-15
1.708542713567839,0.3894736842105263,4.419491273509239e-16
1.708542713567839,0.4842105263157895,4.1947520180576803e-16
1.708542713567839,0.5789473684210527,9.3348298335576e-16
1.708542713567839,0.6736842105263159,1.82785557092144e-12
1.708542713567839,0.7684210526315789,1.7622767442175756e-10
1.708542713567839,0.8631578947368421,3.716157268384599e-09
1.708542713567839,0.9578947368421054,3.4531384251445155e-08
1.708542713567839,1.0526315789473684,1.9285887123063222e-07
1.708542713567839,1.1473684210526316,7.637219571531853e-07
1.708542713567839,1.2421052631578948,2.3656229694310704e-06
1.708542713567839,1.3368421052631578,6.103359479616291e-06
1.708542713567839,1.431578947368421,1.3685263144372081e-05
1.708542713567839,1.5263157894736843,2.7478417742913876e-05
1.708542713567839,1.6210526315789473,5.049428303165899e-05
1.708542713567839,1.7157894736842105,8.631277771534997e-05
1.708542713567839,1.8105263157894738,0.00013896177500456088
1.708542713567839,1.9052631578947368,0.0002127715427245615
1.708542713567839,2.0,0.0003122219425312229
1.7487437185929648,0.2,8.683509096424097e-11
1.7487437185929648,0.2947368421052632,3.0129325288292817e-14
1.7487437185929648,0.3894736842105263,0.2514897532253385
1.7487437185929648,0.4842105263157895,1.5760573358233103e-16
1.7487437185929648,0.5789473684210527,3.438522037809609e-13
1.7487437185929648,0.6736842105263159,1.35935388196527e-10
1.7487437185929648,0.7684210526315789,4.808074608561418e-09
1.7487437185929648,0.8631578947368421,5.64938393763447e-08
1.7487437185929648,0.9578947368421054,3.5371470480705895e-07
1.7487437185929648,1.0526315789473684,1.4795937885550727e-06
1.7487437185929648,1.1473684210526316,4.688499923692837e-06
1.7487437185929648,1.2421052631578948,1.215189030076242e-05
1.7487437185929648,1.3368421052631578,2.7083316683916153e-05
1.7487437185929648,1.431578947368421,5.371463036547161e-05
1.7487437185929648,1.5263157894736843,9.714216666175076e-05
1.7487437185929648,1.6210526315789473,0.0001630865646933477
1.7487437185929648,1.7157894736842105,0.00025761433285693156
1.7487437185929648,1.8105263157894738,0.0003868614150589953
1.7487437185929648,1.9052631578947368,0.0005567865019581099
1.7487437185929648,2.0,0.0007729695369024227
1.7889447236180906,0.2,5.114690383980304e-10
1.7889447236180906,0.2947368421052632,3.2583551839334835e-14
1.7889447236180906,0.3894736842105263,2.420019382884207e-16
1.7889447236180906,0.4842105263157895,1.1940532334341363e-14
1.7889447236180906,0.5789473684210527,9.53915788752772e-11
1.7889447236180906,0.6736842105263159,7.004251450659156e-09
1.7889447236180906,0.7684210526315789,1.0833580046717373e-07
1.7889447236180906,0.8631578947368421,7.597083680602375e-07
1.7889447236180906,0.9578947368421054,3.3157429034178957e-06
1.7889447236180906,1.0526315789473684,1.0589347060376956e-05
1.7889447236180906,1.1473684210526316,2.71705776936734e-05
1.7889447236180906,1.2421052631578948,5.938626848267339e-05
1.7889447236180906,1.3368421052631578,0.00011494870308857057
1.7889447236180906,1.431578947368421,0.0002024244409010392
1.7889447236180906,1.5263157894736843,0.00033065767992080996
1.7889447236180906,1.6210526315789473,0.0005082460470913791
1.7889447236180906,1.7157894736842105,0.0007431226437554632
1.7889447236180906,1.8105263157894738,0.0010422623894006532
1.7889447236180906,1.9052631578947368,0.001411507351004961
1.7889447236180906,2.0,0.0018554933393599474
1.8291457286432165,0.2,2.842340362446015e-10
1.8291457286432165,0.2947368421052632,3.2499249429020656e-14
1.8291457286432165,0.3894736842105263,1.4776368156612318e-16
1.8291457286432165,0.4842105263157895,5.559170602050625e-11
1.8291457286432165,0.5789473684210527,1.247122263000883e-08
1.8291457286432165,0.6736842105263159,2.633112300258169e-07
1.8291457286432165,0.7684210526315789,2.0314189811107757e-06
1.8291457286432165,0.8631578947368421,9.003262562339317e-06
1.8291457286432165,0.9578947368421054,2.8224514932176305e-05
1.8291457286432165,1.0526315789473684,7.003644274250008e-05
1.8291457286432165,1.1473684210526316,0.00014712872865571203
1.8291457286432165,1.2421052631578948,0.0002731943879473111
1.8291457286432165,1.3368421052631578,0.0004616259784124745
1.8291457286432165,1.431578947368421,0.0007245012741566182
1.8291457286432165,1.5263157894736843,0.0010719349482898146
1.8291457286432165,1.6210526315789473,0.001511768298130567
1.8291457286432165,1.7157894736842105,0.0020495233175235224
1.8291457286432165,1.8105263157894738,0.002688538588018676
1.8291457286432165,1.9052631578947368,0.0034302140100492553
1.8291457286432165,2.0,0.004274307583344828
1.8693467336683414,0.2,2.6469364293036024e-10
1.8693467336683414,0.2947368421052632,2.615814915564183e-14
1.8693467336683414,0.3894736842105263,1.969203544910787e-11
1.8693467336683414,0.4842105263157895,3.207497353666549e-08
1.8693467336683414,0.5789473684210527,9.241853069474062e-07
1.8693467336683414,0.6736842105263159,7.407106495663408e-06
1.8693467336683414,0.7684210526315789,3.1553410774967366e-05
1.8693467336683414,0.8631578947368421,9.275929348407042e-05
1.8693467336683414,0.9578947368421054,0.00021449262317871717
1.8693467336683414,1.0526315789473684,0.00042023368667112453
1.8693467336683414,1.1473684210526316,0.0007303343783229817
1.8693467336683414,1.2421052631578948,0.0011603054970708208
1.8693467336683414,1.3368421052631578,0.0017203367605053662
1.8693467336683414,1.431578947368421,0.002415634709942263
1.8693467336683414,1.5263157894736843,0.0032471910309446734
1.8693467336683414,1.6210526315789473,0.00421270076148985
1.8693467336683414,1.7157894736842105,0.005307458094209205
1.8693467336683414,1.8105263157894738,0.006525140760705219
1.8693467336683414,1.9052631578947368,0.007858449347229393
1.8693467336683414,2.0,0.009299600525554997
1.9095477386934672,0.2,3.182351740979557e-10
1.9095477386934672,0.2947368421052632,1.0648556060293298e-13
1.9095477386934672,0.3894736842105263,1.728704656401975e-07
1.9095477386934672,0.4842105263157895,5.843045298954805e-06
1.9095477386934672,0.5789473684210527,4.20242576971434e-05
1.9095477386934672,0.6736842105263159,0.00015461289314916407
1.9095477386934672,0.7684210526315789,0.0003941434062073094
1.9095477386934672,0.8631578947368421,0.0008009566578968735
1.9095477386934672,0.9578947368421054,0.0013992574459003987
1.9095477386934672,1.0526315789473684,0.0021978407964496167
1.9095477386934672,1.1473684210526316,0.0031937379566067538
1.9095477386934672,1.2421052631578948,0.004376318027472002
1.9095477386934672,1.3368421052631578,0.005730729097164468
1.9095477386934672,1.431578947368421,0.007240382778167664
1.9095477386934672,1.5263157894736843,0.008888565358427365
1.9095477386934672,1.6210526315789473,0.010659381215924446
1.9095477386934672,1.7157894736842105,0.012538236061723777
1.9095477386934672,1.8105263157894738,0.014512026478021701
1.9095477386934672,1.9052631578947368,0.01656915477181729
1.9095477386934672,2.0,0.018699448226076845
1.949748743718593,0.2,3.3493570239921923e-10
1.949748743718593,0.2947368421052632,4.542739604323647e-06
1.949748743718593,0.3894736842105263,9.382827367648494e-05
1.949748743718593,0.4842105263157895,0.0004330718430074235
1.949748743718593,0.5789473684210527,0.0011265103234172238
1.949748743718593,0.6736842105263159,0.0021863328951461968
1.949748743718593,0.7684210526315789,0.0035729189961043726
1.949748743718593,0.8631578947368421,0.005230640414891402
1.949748743718593,0.9578947368421054,0.0071059169172344
1.949748743718593,1.0526315789473684,0.009153499012779402
1.949748743718593,1.1473684210526316,0.011337273277496944
1.949748743718593,1.2421052631578948,0.013629099333857033
1.949748743718593,1.3368421052631578,0.01600721855843792
1.949748743718593,1.431578947368421,0.018454794161610343
1.949748743718593,1.5263157894736843,0.020958729328203127
1.949748743718593,1.6210526315789473,0.02350875914929338
1.949748743718593,1.7157894736842105,0.02609676844603952
1.949748743718593,1.8105263157894738,0.028716283403723546
1.949748743718593,1.9052631578947368,0.0313620928800211
1.949748743718593,2.0,0.034029965226675764
1.9899497487437188,0.2,0.0015641803937772325
1.9899497487437188,0.2947368421052632,0.003990476294762878
1.9899497487437188,0.3894736842105263,0.006678660631235476
1.9899497487437188,0.4842105263157895,0.009467906907358386
1.9899497487437188,0.5789473684210527,0.01230477835486189
1.9899497487437188,0.6736842105263159,0.015166960488084646
1.9899497487437188,0.7684210526315789,0.018043577464463074
1.9899497487437188,0.8631578947368421,0.020928718765630957
1.9899497487437188,0.9578947368421054,0.023818903537650527
1.9899497487437188,1.0526315789473684,0.026711951591839762
1.9899497487437188,1.1473684210526316,0.029606429340660618
1.9899497487437188,1.2421052631578948,0.0325013563193634
1.9899497487437188,1.3368421052631578,0.035396039881935626
1.9899497487437188,1.431578947368421,0.03828997726416899
1.9899497487437188,1.5263157894736843,0.04118279505096692
1.9899497487437188,1.6210526315789473,0.04407421039263158
1.9899497487437188,1.7157894736842105,0.04696400537529411
1.9899497487437188,1.8105263157894738,0.049852009622302976
1.9899497487437188,1.9052631578947368,0.052738088201180325
1.9899497487437188,2.0,0.05562213304089678
2.0301507537688446,0.2,0.03293116164281098
2.0301507537688446,0.2947368421052632,0.034671270496453355
2.0301507537688446,0.3894736842105263,0.036725154011188144
2.0301507537688446,0.4842105263157895,0.038989294966832344
2.0301507537688446,0.5789473684210527,0.04139833008600953
2.0301507537688446,0.6736842105263159,0.04391003537679345
2.0301507537688446,0.7684210526315789,0.046496357032327885
2.0301507537688446,0.8631578947368421,0.04913812001667454
2.0301507537688446,0.9578947368421054,0.051821863925313016
2.0301507537688446,1.0526315789473684,0.054537907189742774
2.0301507537688446,1.1473684210526316,0.057279131947435
2.0301507537688446,1.2421052631578948,0.060040201397084894
2.0301507537688446,1.3368421052631578,0.06281704317259333
2.0301507537688446,1.431578947368421,0.06560650041083542
2.0301507537688446,1.5263157894736843,0.06840609104570237
2.0301507537688446,1.6210526315789473,0.07121383850826475
2.0301507537688446,1.7157894736842105,0.07402815051607785
2.0301507537688446,1.8105263157894738,0.07684773086907103
2.0301507537688446,1.9052631578947368,0.07967151429994437
2.0301507537688446,2.0,0.08249861769008009
2.0703517587939704,0.2,0.0722411563972598
2.0703517587939704,0.2947368421052632,0.07323619337822936
2.0703517587939704,0.3894736842105263,0.07451155678147829
2.0703517587939704,0.4842105263157895,0.07601844314303778
2.0703517587939704,0.5789473684210527,0.07771650087159265
2.0703517587939704,0.6736842105263159,0.07957277910361482
2.0703517587939704,0.7684210526315789,0.0815605030445281
2.0703517587939704,0.8631578947368421,0.08365793542503779
2.0703517587939704,0.9578947368421054,0.08584739869839378
2.0703517587939704,1.0526315789473684,0.08811446825886693
2.0703517587939704,1.1473684210526316,0.09044732148992995
2.0703517587939704,1.2421052631578948,0.09283621901360026
2.0703517587939704,1.3368421052631578,0.09527309385491377
2.0703517587939704,1.431578947368421,0.09775122679263222
2.0703517587939704,1.5263157894736843,0.10026498970523519
2.0703517587939704,1.6210526315789473,0.10280964222532568
2.0703517587939704,1.7157894736842105,0.10538117008692408
2.0703517587939704,1.8105263157894738,0.10797615608543416
2.0703517587939704,1.9052631578947368,0.11059167659489652
2.0703517587939704,2.0,0.11322521817355202
2.1105527638190953,0.2,0.11213710429097719
2.1105527638190953,0.2947368421052632,0.11282593288444437
2.1105527638190953,0.3894736842105263,0.11373447491801468
2.1105527638190953,0.4842105263157895,0.11483780416486196
2.1105527638190953,0.5789473684210527,0.11611335685766966
2.1105527638190953,0.6736842105263159,0.11754102435111682
2.1105527638190953,0.7684210526315789,0.11910303201333167
2.1105527638190953,0.8631578947368421,0.1207837475130433
2.1105527638190953,0.9578947368421054,0.12256946599549928
2.1105527638190953,1.0526315789473684,0.1244481939636346
2.1105527638190953,1.1473684210526316,0.12640944344973448
2.1105527638190953,1.2421052631578948,0.12844404249283808
2.1105527638190953,1.3368421052631578,0.13054396452346895
2.1105527638190953,1.431578947368421,0.1327021771519794
2.1105527638190953,1.5263157894736843,0.1349125096155383
2.1105527638190953,1.6210526315789473,0.1371695374689345
2.1105527638190953,1.7157894736842105,0.13946848280235563
2.1105527638190953,1.8105263157894738,0.1418051281945447
2.1105527638190953,1.9052631578947368,0.14417574266750632
2.1105527638190953,2.0,0.14657701803799697
2.150753768844221,0.2,0.15218475398419273
2.150753768844221,0.2947368421052632,0.15271034154973595
2.150753768844221,0.3894736842105263,0.15341321994987195
2.150753768844221,0.4842105263157895,0.1542786843136376
2.150753768844221,0.5789473684210527,0.1552928275359553
2.150753768844221,0.6736842105263159,0.1564427280649433
2.150753768844221,0.7684210526315789,0.15771648176231817
2.150753768844221,0.8631578947368421,0.1591031799658037
2.150753768844221,0.9578947368421054,0.16059286408765167
2.150753768844221,1.0526315789473684,0.16217646836984084
2.150753768844221,1.1473684210526316,0.16384575681989538
2.150753768844221,1.2421052631578948,0.1655932581095288
2.150753768844221,1.3368421052631578,0.16741220097533172
2.150753768844221,1.431578947368421,0.16929645181892672
2.150753768844221,1.5263157894736843,0.17124045559005194
2.150753768844221,1.6210526315789473,0.17323918058434276
2.150753768844221,1.7157894736842105,0.1752880674602162
2.150753768844221,1.8105263157894738,0.17738298254818557
2.150753768844221,1.9052631578947368,0.1795201753686686
2.150753768844221,2.0,0.18169624017231753
2.190954773869347,0.2,0.19229353995208004
2.190954773869347,0.2947368421052632,0.19271815477661386
2.190954773869347,0.3894736842105263,0.1932905472663703
2.190954773869347,0.4842105263157895,0.19400112857595164
2.190954773869347,0.5789473684210527,0.19484058268781834
2.190954773869347,0.6736842105263159,0.19580004273176646
2.190954773869347,0.7684210526315789,0.19687114526080543
2.190954773869347,0.8631578947368421,0.19804604246536198
2.190954773869347,0.9578947368421054,0.19931739706848733
2.190954773869347,1.0526315789473684,0.20067836832661742
2.190954773869347,1.1473684210526316,0.20212259271358374
2.190954773869347,1.2421052631578948,0.2036441612692885
2.190954773869347,1.3368421052631578,0.2052375949451125
2.190954773869347,1.431578947368421,0.206897818927032
2.190954773869347,1.5263157894736843,0.2086201366775573
2.190954773869347,1.6210526315789473,0.21040020425257522
2.190954773869347,1.7157894736842105,0.21223400530068431
2.190954773869347,1.8105263157894738,0.21411782703293733
2.190954773869347,1.9052631578947368,0.21604823735556247
2.190954773869347,2.0,0.21802206328323315
2.2311557788944727,0.2,0.23243298220677108
2.2311557788944727,0.2947368421052632,0.23278908160527778
2.2311557788944727,0.3894736842105263,0.2332715829023943
2.2311557788944727,0.4842105263157895,0.23387378253346705
2.2311557788944727,0.5789473684210527,0.23458904086693405
2.2311557788944727,0.6736842105263159,0.2354109360455331
2.2311557788944727,0.7684210526315789,0.23633331879060507
2.2311557788944727,0.8631578947368421,0.23735033165728386
2.2311557788944727,0.9578947368421054,0.238456414291929
2.2311557788944727,1.0526315789473684,0.23964630206548984
2.2311557788944727,1.1473684210526316,0.24091502088636205
2.2311557788944727,1.2421052631578948,0.24225787948750427
2.2311557788944727,1.3368421052631578,0.2436704599426039
2.2311557788944727,1.431578947368421,0.2451486069399231
2.2311557788944727,1.5263157894736843,0.24668841622261606
2.2311557788944727,1.6210526315789473,0.24828622252366273
2.2311557788944727,1.7157894736842105,0.249938587260791
2.2311557788944727,1.8105263157894738,0.25164228620380175
2.2311557788944727,1.9052631578947368,0.25339429728198526
2.2311557788944727,2.0,0.2551917886609344
2.2713567839195985,0.2,0.27258996927232754
2.2713567839195985,0.2947368421052632,0.2728965618151138
2.2713567839195985,0.3894736842105263,0.2733134602797908
2.2713567839195985,0.4842105263157895,0.2738357356649006
2.2713567839195985,0.5789473684210527,0.2744584312296135
2.2713567839195985,0.6736842105263159,0.27517669535604516
2.2713567839195985,0.7684210526315789,0.27598583285145883
2.2713567839195985,0.8631578947368421,0.27688132511875213
2.2713567839195985,0.9578947368421054,0.277858838081043
2.2713567839195985,1.0526315789473684,0.2789142246726443
2.2713567839195985,1.1473684210526316,0.280043524449358
2.2713567839195985,1.2421052631578948,0.28124296138160687
2.2713567839195985,1.3368421052631578,0.2825089403580578
2.2713567839195985,1.431578947368421,0.28383804272160845
2.2713567839195985,1.5263157894736843,0.28522702107037545
2.2713567839195985,1.6210526315789473,0.28667279350954367
2.2713567839195985,1.7157894736842105,0.28817243750865706
2.2713567839195985,1.8105263157894738,0.289723183495318
2.2713567839195985,1.9052631578947368,0.29132240829528094
2.2713567839195985,2.0,0.2929676285109636
2.3115577889447234,0.2,0.31275793305927646
2.3115577889447234,0.2947368421052632,0.31302709305387955
2.3115577889447234,0.3894736842105263,0.31339403894656864
2.3115577889447234,0.4842105263157895,0.31385500594870736
2.3115577889447234,0.5789473684210527,0.3144061597234663
2.3115577889447234,0.6736842105263159,0.31504371128665226
2.3115577889447234,0.7684210526315789,0.3157639642276924
2.3115577889447234,0.8631578947368421,0.31656333432332184
2.3115577889447234,0.9578947368421054,0.31743835800366377
2.3115577889447234,1.0526315789473684,0.31838569600170685
2.3115577889447234,1.1473684210526316,0.3194021346274522
2.3115577889447234,1.2421052631578948,0.3204845856573478
2.3115577889447234,1.3368421052631578,0.3216300852850326
2.3115577889447234,1.431578947368421,0.322835792368952
2.3115577889447234,1.5263157894736843,0.3240989861267438
2.3115577889447234,1.6210526315789473,0.32541706338783405
2.3115577889447234,1.7157894736842105,0.32678753549533773
2.3115577889447234,1.8105263157894738,0.3282080249352526
2.3115577889447234,1.9052631578947368,0.32967626176076376
2.3115577889447234,2.0,0.3311900798706433
2.351758793969849,0.2,0.352933220418539
2.351758793969849,0.2947368421052632,0.35317309021864274
2.351758793969849,0.3894736842105263,0.3535007455802445
2.351758793969849,0.4842105263157895,0.3539132243390319
2.351758793969849,0.5789473684210527,0.3544074762654499
2.351758793969849,0.6736842105263159,0.35498046282566786
2.351758793969849,0.7684210526315789,0.35562920047153485
2.351758793969849,0.8631578947368421,0.35635077935706894
2.351758793969849,0.9578947368421054,0.35714237174422026
2.351758793969849,1.0526315789473684,0.35800123594629474
2.351758793969849,1.1473684210526316,0.358924718162233
2.351758793969849,1.2421052631578948,0.3599102531687259
2.351758793969849,1.3368421052631578,0.36095536429085695
2.351758793969849,1.431578947368421,0.3620576628537945
2.351758793969849,1.5263157894736843,0.3632148472287027
2.351758793969849,1.6210526315789473,0.36442470154779577
2.351758793969849,1.7157894736842105,0.36568509414567474
2.351758793969849,1.8105263157894738,0.36699397577467
2.351758793969849,1.9052631578947368,0.3683493776358581
2.351758793969849,2.0,0.3697494092627575
2.391959798994975,0.2,0.39311363767120855
2.391959798994975,0.2947368421052632,0.39332996582464713
2.391959798994975,0.3894736842105263,0.3936259157415564
2.391959798994975,0.4842105263157895,0.393999100706588
2.391959798994975,0.5789473684210527,0.394447038992564
2.391959798994975,0.6736842105263159,0.39496724086984397
2.391959798994975,0.7684210526315789,0.39555724826513866
2.391959798994975,0.8631578947368421,0.3962146525279444
2.391959798994975,0.9578947368421054,0.3969371026130587
2.391959798994975,1.0526315789473684,0.3977223090415256
2.391959798994975,1.1473684210526316,0.3985680458979048
2.391959798994975,1.2421052631578948,0.3994721518180471
2.391959798994975,1.3368421052631578,0.4004325303828724
2.391959798994975,1.431578947368421,0.4014471501103901
2.391959798994975,1.5263157894736843,0.4025140441441548
2.391959798994975,1.6210526315789473,0.40363130969591615
2.391959798994975,1.7157894736842105,0.4047971072820897
2.391959798994975,1.8105263157894738,0.4060096597851552
2.391959798994975,1.9052631578947368,0.40726725136631603
2.391959798994975,2.0,0.40856822625293887
2.432160804020101,0.2,0.4332977879432904
2.432160804020101,0.2947368421052632,0.4334947829593389
2.432160804020101,0.3894736842105263,0.4337646133439419
2.432160804020101,0.4842105263157895,0.4341053182383612
2.432160804020101,0.5789473684210527,0.4345148407791325
2.432160804020101,0.6736842105263159,0.43499110433439
2.432160804020101,0.7684210526315789,0.4355320488480956
2.432160804020101,0.8631578947368421,0.43613564767597235
2.432160804020101,0.9578947368421054,0.43679991550887964
2.432160804020101,1.0526315789473684,0.43752291226896667
2.432160804020101,1.1473684210526316,0.4383027451295143
2.432160804020101,1.2421052631578948,0.4391375695976302
2.432160804020101,1.3368421052631578,0.4400255900759824
2.432160804020101,1.431578947368421,0.44096506009464265
2.432160804020101,1.5263157894736843,0.4419542823063732
2.432160804020101,1.6210526315789473,0.4429916082956735
2.432160804020101,1.7157894736842105,0.4440754382325625
2.432160804020101,1.8105263157894738,0.44520422039320623
2.432160804020101,1.9052631578947368,0.44637645056504405
2.432160804020101,2.0,0.4475906713517339
2.4723618090452266,0.2,0.4734847394791926
2.4723618090452266,0.2947368421052632,0.4736655744414926
2.4723618090452266,0.3894736842105263,0.4739135167126736
2.4723618090452266,0.4842105263157895,0.4742269289342602
2.4723618090452266,0.5789473684210527,0.47460407984226455
2.4723618090452266,0.6736842105263159,0.4750432113638847
2.4723618090452266,0.7684210526315789,0.47554257194867794
2.4723618090452266,0.8631578947368421,0.4761004325104307
2.4723618090452266,0.9578947368421054,0.47671509408979584
2.4723618090452266,1.0526315789473684,0.47738489166669834
2.4723618090452266,1.1473684210526316,0.47810819615719824
2.4723618090452266,1.2421052631578948,0.478883415513578
2.4723618090452266,1.3368421052631578,0.47970899534453787
2.4723618090452266,1.431578947368421,0.4805834192486217
2.4723618090452266,1.5263157894736843,0.4815052089538865
2.4723618090452266,1.6210526315789473,0.4824729243115306
2.4723618090452266,1.7157894736842105,0.4834851631705047
2.4723618090452266,1.8105263157894738,0.4845405611504816
2.4723618090452266,1.9052631578947368,0.4856377913260615
2.4723618090452266,2.0,0.4867755638325693
2.5125628140703515,0.2,0.5136738469058006
2.5125628140703515,0.2947368421052632,0.5138409731964223
2.5125628140703515,0.3894736842105263,0.5140703088545473
2.5125628140703515,0.4842105263157895,0.5143604677175625
2.5125628140703515,0.5789473684210527,0.5147099733845699
2.5125628140703515,0.6736842105263159,0.5151173185241705
2.5125628140703515,0.7684210526315789,0.5155809954717164
2.5125628140703515,0.8631578947368421,0.5160995113167524
2.5125628140703515,0.9578947368421054,0.5166713953105981
2.5125628140703515,1.0526315789473684,0.5172952025948577
2.5125628140703515,1.1473684210526316,0.5179695161643216
2.5125628140703515,1.2421052631578948,0.5186929479570549
2.5125628140703515,1.3368421052631578,0.5194641394872545
2.5125628140703515,1.431578947368421,0.5202817622167133
2.5125628140703515,1.5263157894736843,0.5211445177593319
2.5125628140703515,1.6210526315789473,0.5220511379662036
2.5125628140703515,1.7157894736842105,0.5230003849168555
2.5125628140703515,1.8105263157894738,0.5239910508316584
2.5125628140703515,1.9052631578947368,0.5250219579156501
2.5125628140703515,2.0,0.526091958141427
2.5527638190954773,0.2,0.5538646490383271
2.5527638190954773,0.2947368421052632,0.5540199996770233
2.5527638190954773,0.3894736842105263,0.5542333245067813
2.5527638190954773,0.4842105263157895,0.5545034360923505
2.5527638190954773,0.5789473684210527,0.5548290611588206
2.5527638190954773,0.6736842105263159,0.5552088932311927
2.5527638190954773,0.7684210526315789,0.5556416207532563
2.5527638190954773,0.8631578947368421,0.5561259413605432
2.5527638190954773,0.9578947368421054,0.5566605690387184
2.5527638190954773,1.0526315789473684,0.557244237772079
2.5527638190954773,1.1473684210526316,0.5578757034730772
2.5527638190954773,1.2421052631578948,0.5585537450550901
2.5527638190954773,1.3368421052631578,0.5592771650603647
2.5527638190954773,1.431578947368421,0.5600447900409434
2.5527638190954773,1.5263157894736843,0.5608554707891805
2.5527638190954773,1.6210526315789473,0.5617080824662117
2.5527638190954773,1.7157894736842105,0.5626015246537014
2.5527638190954773,1.8105263157894738,0.5635347213430701
2.5527638190954773,1.9052631578947368,0.5645066208709812
2.5527638190954773,2.0,0.5655161958071999
2.592964824120603,0.2,0.5940568075347692
2.592964824120603,0.2947368421052632,0.5942019336514532
2.592964824120603,0.3894736842105263,0.5944013361401012
2.592964824120603,0.4842105263157895,0.5946539873324321
2.592964824120603,0.5789473684210527,0.5949587783834606
2.592964824120603,0.6736842105263159,0.5953145661764714
2.592964824120603,0.7684210526315789,0.5957201991960552
2.592964824120603,0.8631578947368421,0.5961745310263425
2.592964824120603,0.9578947368421054,0.5966764272650752
2.592964824120603,1.0526315789473684,0.5972247690955466
2.592964824120603,1.1473684210526316,0.5978184551862133
2.592964824120603,1.2421052631578948,0.5984564027464727
2.592964824120603,1.3368421052631578,0.5991375481442867
2.592964824120603,1.431578947368421,0.5998608472847035
2.592964824120603,1.5263157894736843,0.6006252758477848
2.592964824120603,1.6210526315789473,0.6014298294356475
2.592964824120603,1.7157894736842105,0.6022735236543825
2.592964824120603,1.8105263157894738,0.6031553941448978
2.592964824120603,1.9052631578947368,0.6040744965708397
2.592964824120603,2.0,0.6050299065688324
2.633165829145729,0.2,0.6342500685393964
2.633165829145729,0.2947368421052632,0.6343862337258406
2.633165829145729,0.3894736842105263,0.6345734190507814
2.633165829145729,0.4842105263157895,0.6348107271015949
2.633165829145729,0.5789473684210527,0.6350971839548263
2.633165829145729,0.6736842105263159,0.6354317811277063
2.633165829145729,0.7684210526315789,0.6358134994160284
2.633165829145729,0.8631578947368421,0.6362413216571452
2.633165829145729,0.9578947368421054,0.6367142394039463
2.633165829145729,1.0526315789473684,0.6372312564222707
2.633165829145729,1.1473684210526316,0.6377913905640288
2.633165829145729,1.2421052631578948,0.6383936748085356
2.633165829145729,1.3368421052631578,0.6390371578696588
2.633165829145729,1.431578947368421,0.639720904567758
2.633165829145729,1.5263157894736843,0.6404439960666776
2.633165829145729,1.6210526315789473,0.641205530026797
2.633165829145729,1.7157894736842105,0.6420046207007496
2.633165829145729,1.8105263157894738,0.6428403989859711
2.633165829145729,1.9052631578947368,0.6437120124421882
2.633165829145729,2.0,0.6446186252785787
2.6733668341708547,0.2,0.6744442378548707
2.6733668341708547,0.2947368421052632,0.6745724850826014
2.6733668341708547,0.3894736842105263,0.6747488634319104
2.6733668341708547,0.4842105263157895,0.6749725830000333
2.6733668341708547,0.5789473684210527,0.6752427818982583
2.6733668341708547,0.6736842105263159,0.6755585639063899
2.6733668341708547,0.7684210526315789,0.6759190204657626
2.6733668341708547,0.8631578947368421,0.6763232427460285
2.6733668341708547,0.9578947368421054,0.6767703280831411
2.6733668341708547,1.0526315789473684,0.6772593834030008
2.6733668341708547,1.1473684210526316,0.6777895270705468
2.6733668341708547,1.2421052631578948,0.6783598899194857
2.6733668341708547,1.3368421052631578,0.6789696158505769
2.6733668341708547,1.431578947368421,0.6796178621964655
2.6733668341708547,1.5263157894736843,0.6803037999544235
2.6733668341708547,1.6210526315789473,0.6810266139393815
2.6733668341708547,1.7157894736842105,0.6817855028846932
2.6733668341708547,1.8105263157894738,0.6825796795052358
2.6733668341708547,1.9052631578947368,0.6834083705309877
2.6733668341708547,2.0,0.6842708167157977
2.7135678391959797,0.2,0.714639164384864
2.7135678391959797,0.2947368421052632,0.7147603645319353
2.7135678391959797,0.3894736842105263,0.7149271153909589
2.7135678391959797,0.4842105263157895,0.7151387167672564
2.7135678391959797,0.5789473684210527,0.7153944007884842
2.7135678391959797,0.6736842105263159,0.7156933658160815
2.7135678391959797,0.7684210526315789,0.7160347967649271
2.7135678391959797,0.8631578947368421,0.7164178765122028
2.7135678391959797,0.9578947368421054,0.7168417921037259
2.7135678391959797,1.0526315789473684,0.7173057381038221
2.7135678391959797,1.1473684210526316,0.7178089184216937
2.7135678391959797,1.2421052631578948,0.7183505473319539
2.7135678391959797,1.3368421052631578,0.7189298500661291
2.7135678391959797,1.431578947368421,0.7195460631712485
2.7135678391959797,1.5263157894736843,0.7201984347375835
2.7135678391959797,1.6210526315789473,0.7208862245490464
2.7135678391959797,1.7157894736842105,0.7216087041844983
2.7135678391959797,1.8105263157894738,0.7223651570851676
2.7135678391959797,1.9052631578947368,0.723154878596486
2.7135678391959797,2.0,0.7239771759891329
2.7537688442211055,0.2,0.7548347288018373
2.7537688442211055,0.2947368421052632,0.7549496165359963
2.7537688442211055,0.3894736842105263,0.7551077363778298
2.7537688442211055,0.4842105263157895,0.7553084637176669
2.7537688442211055,0.5789473684210527,0.7555511103243707
2.7537688442211055,0.6736842105263159,0.7558349549834517
2.7537688442211055,0.7684210526315789,0.756159262297658
2.7537688442211055,0.8631578947368421,0.7565232934752433
2.7537688442211055,0.9578947368421054,0.7569263123094141
2.7537688442211055,1.0526315789473684,0.7573675884539497
2.7537688442211055,1.1473684210526316,0.7578463992273895
2.7537688442211055,1.2421052631578948,0.75836203062603
2.7537688442211055,1.3368421052631578,0.7589137779105679
2.7537688442211055,1.431578947368421,0.7595009459598269
2.7537688442211055,1.5263157894736843,0.7601228494938899
2.7537688442211055,1.6210526315789473,0.7607788132209993
2.7537688442211055,1.7157894736842105,0.76146817193732
2.7537688442211055,1.8105263157894738,0.7621902705952608
2.7537688442211055,1.9052631578947368,0.762944464349065
2.7537688442211055,2.0,0.7637301185824483
2.7939698492462313,0.2,0.7950308356121609
2.7939698492462313,0.2947368421052632,0.7951400363867207
2.7939698492462313,0.3894736842105263,0.7952903746523345
2.7939698492462313,0.4842105263157895,0.7954812900427597
2.7939698492462313,0.5789473684210527,0.7957121623625241
2.7939698492462313,0.6736842105263159,0.795982339351555
2.7939698492462313,0.7684210526315789,0.7962911541053971
2.7939698492462313,0.8631578947368421,0.7966379352789646
2.7939698492462313,0.9578947368421054,0.7970220128443853
2.7939698492462313,1.0526315789473684,0.7974427212917616
2.7939698492462313,1.1473684210526316,0.7978994014110701
2.7939698492462313,1.2421052631578948,0.7983914012986445
2.7939698492462313,1.3368421052631578,0.7989180769405444
2.7939698492462313,1.431578947368421,0.7994787925628102
2.7939698492462313,1.5263157894736843,0.8000729208508317
2.7939698492462313,1.6210526315789473,0.8006998430928124
2.7939698492462313,1.7157894736842105,0.8013589492771331
2.7939698492462313,1.8105263157894738,0.8020496381599127
2.7939698492462313,1.9052631578947368,0.8027713173116947
2.7939698492462313,2.0,0.8035234031483702
2.834170854271357,0.2,0.835227407486772
2.834170854271357,0.2947368421052632,0.8353314581653114
2.834170854271357,0.3894736842105263,0.8354747448204555
2.834170854271357,0.4842105263157895,0.8356567621214168
2.834170854271357,0.5789473684210527,0.8358769484382754
2.834170854271357,0.6736842105263159,0.8361347110749582
2.834170854271357,0.7684210526315789,0.8364294424336929
2.834170854271357,0.8631578947368421,0.8367605296688946
2.834170854271357,0.9578947368421054,0.8371273602291815
2.834170854271357,1.0526315789473684,0.8375293249827044
2.834170854271357,1.1473684210526316,0.8379658199762573
2.834170854271357,1.2421052631578948,0.8384362474357907
2.834170854271357,1.3368421052631578,0.8389400163476044
2.834170854271357,1.431578947368421,0.8394765428064133
2.834170854271357,1.5263157894736843,0.840045250231894
2.834170854271357,1.6210526315789473,0.840645569509186
2.834170854271357,1.7157894736842105,0.8412769390837415
2.834170854271357,1.8105263157894738,0.8419388050273025
2.834170854271357,1.9052631578947368,0.8426306210843437
2.834170854271357,2.0,0.8433518487042211
2.874371859296483,0.2,0.8754243811368974
2.874371859296483,0.2947368421052632,0.8755237459694697
2.874371859296483,0.3894736842105263,0.8756606128976746
2.874371859296483,0.4842105263157895,0.8758345240761818
2.874371859296483,0.5789473684210527,0.8760449686380614
2.874371859296483,0.6736842105263159,0.8762914056895302
2.874371859296483,0.7684210526315789,0.8765732793305953
2.874371859296483,0.8631578947368421,0.8768900277921577
2.874371859296483,0.9578947368421054,0.8772410887683768
2.874371859296483,1.0526315789473684,0.8776259024661978
2.874371859296483,1.1473684210526316,0.8780439133409214
2.874371859296483,1.2421052631578948,0.8784945710908668
2.874371859296483,1.3368421052631578,0.8789773312371894
2.874371859296483,1.431578947368421,0.8794916554707338
2.874371859296483,1.5263157894736843,0.8800370118667057
2.874371859296483,1.6210526315789473,0.8806128750228107
2.874371859296483,1.7157894736842105,0.8812187261517975
2.874371859296483,1.8105263157894738,0.8818540531456697
2.874371859296483,1.9052631578947368,0.8825183506211118
2.874371859296483,2.0,0.8832111199517577
2.914572864321608,0.2,0.9156217042648945
2.914572864321608,0.2947368421052632,0.9157167874185281
2.914572864321608,0.3894736842105263,0.9158477852330907
2.914572864321608,0.4842105263157895,0.9160142811022786
2.914572864321608,0.5789473684210527,0.9162158084368822
2.914572864321608,0.6736842105263159,0.9164518716741148
2.914572864321608,0.7684210526315789,0.9167219602550516
2.914572864321608,0.8631578947368421,0.9170255572763877
2.914572864321608,0.9578947368421054,0.9173621446196595
2.914572864321608,1.0526315789473684,0.9177312059248283
2.914572864321608,1.1473684210526316,0.918132228301449
2.914572864321608,1.2421052631578948,0.918564703317337
2.914572864321608,1.3368421052631578,0.9190281275774578
2.914572864321608,1.431578947368421,0.9195220030703655
2.914572864321608,1.5263157894736843,0.920045837381763
2.914572864321608,1.6210526315789473,0.9205991438309652
2.914572864321608,1.7157894736842105,0.9211814415614893
2.914572864321608,1.8105263157894738,0.9217922556035182
2.914572864321608,1.9052631578947368,0.922431116918116
2.914572864321608,2.0,0.9230975624289205
2.9547738693467336,0.2,0.95581933327679
2.9547738693467336,0.2947368421052632,0.9559104887750937
2.9547738693467336,0.3894736842105263,0.9560361001783568
2.9547738693467336,0.4842105263157895,0.9561957869088322
2.9547738693467336,0.5789473684210527,0.9563891212213333
2.9547738693467336,0.6736842105263159,0.9566156474458228
2.9547738693467336,0.7684210526315789,0.9568748950121239
2.9547738693467336,0.8631578947368421,0.9571663866460463
2.9547738693467336,0.9578947368421054,0.9574896433022423
2.9547738693467336,1.0526315789473684,0.9578441870619128
2.9547738693467336,1.1473684210526316,0.9582295428187698
2.9547738693467336,1.2421052631578948,0.958645239261309
2.9547738693467336,1.3368421052631578,0.9590908094509941
2.9547738693467336,1.431578947368421,0.9595657911688524
2.9547738693467336,1.5263157894736843,0.9600697271285921
2.9547738693467336,1.6210526315789473,0.9606021651119341
2.9547738693467336,1.7157894736842105,0.9611626580577545
2.9547738693467336,1.8105263157894738,0.9617507641229571
2.9547738693467336,1.9052631578947368,0.9623660467254178
2.9547738693467336,2.0,0.9630080745748686
2.9949748743718594,0.2,0.9960172315433886
2.9949748743718594,0.2947368421052632,0.9961047712324954
2.9949748743718594,0.3894736842105263,0.9962254217394445
2.9949748743718594,0.4842105263157895,0.9963788341359278
2.9949748743718594,0.5789473684210527,0.9965646149346402
2.9949748743718594,0.6736842105263159,0.9967823437549612
2.9949748743718594,0.7684210526315789,0.9970315854763344
2.9949748743718594,0.8631578947368421,0.9973118980068125
2.9949748743718594,0.9578947368421054,0.9976228370264311
2.9949748743718594,1.0526315789473684,0.9979639588094332
2.9949748743718594,1.1473684210526316,0.9983348218841626
2.9949748743718594,1.2421052631578948,0.9987349880084843
2.9949748743718594,1.3368421052631578,0.9991640227473131
2.9949748743718594,1.431578947368421,0.999621495819707
2.9949748743718594,1.5263157894736843,1.0001069813120813
2.9949748743718594,1.6210526315789473,1.0006200578129574
2.9949748743718594,1.7157894736842105,1.0011603085010032
2.9949748743718594,1.8105263157894738,1.0017273212046784
2.9949748743718594,1.9052631578947368,1.0023206884439213
2.9949748743718594,2.0,1.002940007460186
3.035175879396985,0.2,1.0362153680623412
3.035175879396985,0.2947368421052632,1.0362995680554585
3.035175879396985,0.3894736842105263,1.036415634681726
3.035175879396985,0.4842105263157895,1.0365632469563155
3.035175879396985,0.5789473684210527,1.036742041752828
3.035175879396985,0.6736842105263159,1.0369516300573989
3.035175879396985,0.7684210526315789,1.0371916083240924
3.035175879396985,0.8631578947368421,1.0374615658422097
3.035175879396985,0.9578947368421054,1.037761089297156
3.035175879396985,1.0526315789473684,1.0380897655178003
3.035175879396985,1.1473684210526316,1.0384471831095525
3.035175879396985,1.2421052631578948,1.0388329334223854
3.035175879396985,1.3368421052631578,1.0392466111275906
3.035175879396985,1.431578947368421,1.0396878145656054
3.035175879396985,1.5263157894736843,1.040156145959722
3.035175879396985,1.6210526315789473,1.0406512115506652
3.035175879396985,1.7157894736842105,1.0411726216839812
3.035175879396985,1.8105263157894738,1.0417199908686392
3.035175879396985,1.9052631578947368,1.0422929378177723
3.035175879396985,2.0,1.0428910854777131
3.075376884422111,0.2,1.0764137164172844
3.075376884422111,0.2947368421052632,1.0764948223536872
3.075376884422111,0.3894736842105263,1.0766066407145305
3.075376884422111,0.4842105263157895,1.076748875302124
3.075376884422111,0.5789473684210527,1.0769211900189162
3.075376884422111,0.6736842105263159,1.0771232238545543
3.075376884422111,0.7684210526315789,1.0773546015094209
3.075376884422111,0.8631578947368421,1.0776149403854227
3.075376884422111,0.9578947368421054,1.0779038549713458
3.075376884422111,1.0526315789473684,1.0782209595161247
3.075376884422111,1.1473684210526316,1.0785658696345384
3.075376884422111,1.2421052631578948,1.0789382032672086
3.075376884422111,1.3368421052631578,1.0793375812563781
3.075376884422111,1.431578947368421,1.0797636276945901
3.075376884422111,1.5263157894736843,1.08021597013917
3.075376884422111,1.6210526315789473,1.0806942397470094
3.075376884422111,1.7157894736842105,1.0811980713615923
3.075376884422111,1.8105263157894738,1.0817271035709215
3.075376884422111,1.9052631578947368,1.0822809787473922
3.075376884422111,2.0,1.0828593430759954
3.115577889447236,0.2,1.1166122539598373
3.115577889447236,0.2947368421052632,1.1166904853306958
3.115577889447236,0.3894736842105263,1.1167983554873175
3.115577889447236,0.4842105263157895,1.1169355903149496
3.115577889447236,0.5789473684210527,1.1171018778794046
3.115577889447236,0.6736842105263159,1.1172968822737817
3.115577889447236,0.7684210526315789,1.1175202535698432
3.115577889447236,0.8631578947368421,1.1177716344554443
3.115577889447236,0.9578947368421054,1.1180506644512773
3.115577889447236,1.0526315789473684,1.118356982511116
3.115577889447236,1.1473684210526316,1.118690228599539
3.115577889447236,1.2421052631578948,1.1190500446433733
3.115577889447236,1.3368421052631578,1.1194360751062018
3.115577889447236,1.431578947368421,1.1198479673379145
3.115577889447236,1.5263157894736843,1.1202853717901493
3.115577889447236,1.6210526315789473,1.120747942151572
3.115577889447236,1.7157894736842105,1.1212353354348332
3.115577889447236,1.8105263157894738,1.121747212034057
3.115577889447236,1.9052631578947368,1.1222832357640549
3.115577889447236,2.0,1.1228430738878554
3.1557788944723617,0.2,1.1568109611606994
3.1557788944723617,0.2947368421052632,1.1568865148936367
3.1557788944723617,0.3894736842105263,1.156990706202954
3.1557788944723617,0.4842105263157895,1.1571232807272651
3.1557788944723617,0.5789473684210527,1.157283948218283
3.1557788944723617,0.6736842105263159,1.1574723953586499
3.1557788944723617,0.7684210526315789,1.1576882950951144
3.1557788944723617,0.8631578947368421,1.1579313129442568
3.1557788944723617,0.9578947368421054,1.1582011110474488
3.1557788944723617,1.0526315789473684,1.1584973506992349
3.1557788944723617,1.1473684210526316,1.158819693896709
3.1557788944723617,1.2421052631578948,1.1591678042817952
3.1557788944723617,1.3368421052631578,1.1595413477142111
3.1557788944723617,1.431578947368421,1.1599399926217941
3.1557788944723617,1.5263157894736843,1.1603634102170577
3.1557788944723617,1.6210526315789473,1.1608112746331474
3.1557788944723617,1.7157894736842105,1.1612832630109862
3.1557788944723617,1.8105263157894738,1.161779055556581
3.1557788944723617,1.9052631578947368,1.1622983355797054
3.1557788944723617,2.0,1.1628407895209236
3.1959798994974875,0.2,1.1970098210903946
3.1959798994974875,0.2947368421052632,1.197082874540138
3.1959798994974875,0.3894736842105263,1.1971836297050962
3.1959798994974875,0.4842105263157895,1.1973118499601114
3.1959798994974875,0.5789473684210527,1.1974672645901205
3.1959798994974875,0.6736842105263159,1.1976495806773932
3.1959798994974875,0.7684210526315789,1.1978584918653614
3.1959798994974875,0.8631578947368421,1.198093684352866
3.1959798994974875,0.9578947368421054,1.1983548407940015
3.1959798994974875,1.0526315789473684,1.1986416427559738
3.1959798994974875,1.1473684210526316,1.1989537722398116
3.1959798994974875,1.2421052631578948,1.1992909126129796
3.1959798994974875,1.3368421052631578,1.1996527491804228
3.1959798994974875,1.431578947368421,1.2000389695355937
3.1959798994974875,1.5263157894736843,1.2004492637781463
3.1959798994974875,1.6210526315789473,1.2008833246507553
3.1959798994974875,1.7157894736842105,1.2013408476266498
3.1959798994974875,1.8105263157894738,1.2018215309668723
3.1959798994974875,1.9052631578947368,1.2023250757587112
3.1959798994974875,2.0,1.20285118594224
3.2361809045226133,0.2,1.2372088190004529
3.2361809045226133,0.2947368421052632,1.2372795324598702
3.2361809045226133,0.3894736842105263,1.2373770709333414
3.2361809045226133,0.4842105263157895,1.2375012137769748
3.2361809045226133,0.5789473684210527,1.2376517079297469
3.2361809045226133,0.6736842105263159,1.237828278957116
3.2361809045226133,0.7684210526315789,1.238030639289762
3.2361809045226133,0.8631578947368421,1.238258493925254
3.2361809045226133,0.9578947368421054,1.2385115441792685
3.2361809045226133,1.0526315789473684,1.2387894900743963
3.2361809045226133,1.1473684210526316,1.2390920318319414
3.2361809045226133,1.2421052631578948,1.2394188707944314
3.2361809045226133,1.3368421052631578,1.239769709994357
3.2361809045226133,1.431578947368421,1.240144254505759
3.2361809045226133,1.5263157894736843,1.2405422116630833
3.2361809045226133,1.6210526315789473,1.2409632911989545
3.2361809045226133,1.7157894736842105,1.2414072053322482
3.2361809045226133,1.8105263157894738,1.2418736688255152
3.2361809045226133,1.9052631578947368,1.2423623990232595
3.2361809045226133,2.0,1.2428731158781547
3.276381909547739,0.2,1.2774079419830286
3.276381909547739,0.2947368421052632,1.2774764608039804
3.276381909547739,0.3894736842105263,1.2775709816661973
3.276381909547739,0.4842105263157895,1.2776912983733597
3.276381909547739,0.5789473684210527,1.2778371738708987
3.276381909547739,0.6736842105263159,1.2780083505231312
3.276381909547739,0.7684210526315789,1.2782045578670869
3.276381909547739,0.8631578947368421,1.278425518039225
3.276381909547739,0.9578947368421054,1.2786709493843404
3.276381909547739,1.0526315789473684,1.2789405687768118
3.276381909547739,1.1473684210526316,1.2792340930834771
3.276381909547739,1.2421052631578948,1.2795512400754985
3.276381909547739,1.3368421052631578,1.2798917289945257
3.276381909547739,1.431578947368421,1.2802552809046193
3.276381909547739,1.5263157894736843,1.2806416189122523
3.276381909547739,1.6210526315789473,1.28105046830511
3.276381909547739,1.7157894736842105,1.2814815566408442
3.276381909547739,1.8105263157894738,1.2819346138047367
3.276381909547739,1.9052631578947368,1.2824093720480236
3.276381909547739,2.0,1.2829055660138744
3.316582914572864,0.2,1.3176071786923582
3.316582914572864,0.2947368421052632,1.3176736350869196
3.316582914572864,0.3894736842105263,1.3177653194912131
3.316582914572864,0.4842105263157895,1.3178820388105201
3.316582914572864,0.5789473684210527,1.3180235705462973
3.316582914572864,0.6736842105263159,1.318189672375435
3.316582914572864,0.7684210526315789,1.3183800894556763
3.316582914572864,0.8631578947368421,1.3185945595938204
3.316582914572864,0.9578947368421054,1.3188328167184338
3.316582914572864,1.0526315789473684,1.3190945931351492
3.316582914572864,1.1473684210526316,1.319379620960563
3.316582914572864,1.2421052631578948,1.3196876330231297
3.316582914572864,1.3368421052631578,1.3200183634263392
3.316582914572864,1.431578947368421,1.320371547900838
3.316582914572864,1.5263157894736843,1.3207469240254872
3.316582914572864,1.6210526315789473,1.3211442313672417
3.316582914572864,1.7157894736842105,1.3215632115706348
3.316582914572864,1.8105263157894738,1.3220036084158855
3.316582914572864,1.9052631578947368,1.3224651678572816
3.316582914572864,2.0,1.3229476380490983
3.35678391959799,0.2,1.3578065191153261
3.35678391959799,0.2947368421052632,1.357871033693511
3.35678391959799,0.3894736842105263,1.3579600469557687
3.35678391959799,0.4842105263157895,1.358073377723117
3.35678391959799,0.5789473684210527,1.3582108167712745
3.35678391959799,0.6736842105263159,1.3583721357732084
3.35678391959799,0.7684210526315789,1.3585570941893796
3.35678391959799,0.8631578947368421,1.3587654441927695
3.35678391959799,0.9578947368421054,1.35899693401127
3.35678391959799,1.0526315789473684,1.3592513101187098
3.35678391959799,1.1473684210526316,1.3595283186398184
3.35678391959799,1.2421052631578948,1.359827706239822
3.35678391959799,1.3368421052631578,1.3601492206843164
3.35678391959799,1.431578947368421,1.360492611191352
3.35678391959799,1.5263157894736843,1.3608576286534901
3.35678391959799,1.6210526315789473,1.3612440257787686
3.35678391959799,1.7157894736842105,1.3616515571809888
3.35678391959799,1.8105263157894738,1.362079979438325
3.35678391959799,1.9052631578947368,1.362529051131903
3.35678391959799,2.0,1.3629985328717293
3.3969849246231156,0.2,1.398005954381318
3.3969849246231156,0.2947368421052632,1.3980686374702216
3.3969849246231156,0.3894736842105263,1.3981551308626037
3.3969849246231156,0.4842105263157895,1.3982652642465143
3.3969849246231156,0.5789473684210527,1.3983988405351298
3.3969849246231156,0.6736842105263159,1.3985556442272518
3.3969849246231156,0.7684210526315789,1.3987354479126564
3.3969849246231156,0.8631578947368421,1.398938016968242
3.3969849246231156,0.9578947368421054,1.3991631127757846
3.3969849246231156,1.0526315789473684,1.3994104948503352
3.3969849246231156,1.1473684210526316,1.3996799222164569
3.3969849246231156,1.2421052631578948,1.399971154286163
3.3969849246231156,1.3368421052631578,1.4002839514152146
3.3969849246231156,1.431578947368421,1.4006180752549533
3.3969849246231156,1.5263157894736843,1.4009732889752533
3.3969849246231156,1.6210526315789473,1.4013493574065548
3.3969849246231156,1.7157894736842105,1.4017460471310146
3.3969849246231156,1.8105263157894738,1.402163126541664
3.3969849246231156,1.9052631578947368,1.4026003658813
3.3969849246231156,2.0,1.403057537268482
3.4371859296482414,0.2,1.43820547660374
3.4371859296482414,0.2947368421052632,1.4382664293843794
3.4371859296482414,0.3894736842105263,1.4383505416821047
3.4371859296482414,0.4842105263157895,1.4384576531213598
3.4371859296482414,0.5789473684210527,1.4385875777411012
3.4371859296482414,0.6736842105263159,1.4387401118222387
3.4371859296482414,0.7684210526315789,1.4389150400357043
3.4371859296482414,0.8631578947368421,1.43911213992308
3.4371859296482414,0.9578947368421054,1.4393311849951345
3.4371859296482414,1.0526315789473684,1.4395719467993302
3.4371859296482414,1.1473684210526316,1.4398341962674952
3.4371859296482414,1.2421052631578948,1.4401177045819116
3.4371859296482414,1.3368421052631578,1.4404222437277043
3.4371859296482414,1.431578947368421,1.4407475868442174
3.4371859296482414,1.5263157894736843,1.4410935084487795
3.4371859296482414,1.6210526315789473,1.441459784579746
3.4371859296482414,1.7157894736842105,1.4418461928885435
3.4371859296482414,1.8105263157894738,1.4422525126994525
3.4371859296482414,1.9052631578947368,1.4426785250488496
3.4371859296482414,2.0,1.443124012711352
3.4773869346733672,0.2,1.4784050787472096
3.4773869346733672,0.2947368421052632,1.4784643942384652
3.4773869346733672,0.3894736842105263,1.478546253059384
3.4773869346733672,0.4842105263157895,1.478650503942193
3.4773869346733672,0.5789473684210527,1.478776971148419
3.4773869346733672,0.6736842105263159,1.4789254618072403
3.4773869346733672,0.7684210526315789,1.479095771731525
3.4773869346733672,0.8631578947368421,1.479287689695382
3.4773869346733672,0.9578947368421054,1.4795010004187068
3.4773869346733672,1.0526315789473684,1.4797354865754782
3.4773869346733672,1.1473684210526316,1.479990930113185
3.4773869346733672,1.2421052631578948,1.4802671131068077
3.4773869346733672,1.3368421052631578,1.4805638183070464
3.4773869346733672,1.431578947368421,1.480880829491052
3.4773869346733672,1.5263157894736843,1.4812179316868526
3.4773869346733672,1.6210526315789473,1.481574911317401
3.4773869346733672,1.7157894736842105,1.4819515562935008
3.4773869346733672,1.8105263157894738,1.482347656074252
3.4773869346733672,1.9052631578947368,1.4827630017067
3.4773869346733672,2.0,1.4831973858521987
3.517587939698492,0.2,1.5186047545156993
3.517587939698492,0.2947368421052632,1.5186625184293916
3.517587939698492,0.3894736842105263,1.5187422413987663
3.517587939698492,0.4842105263157895,1.518843780523754
3.517587939698492,0.5789473684210527,1.5189669694796233
3.517587939698492,0.6736842105263159,1.5191116254057995
3.517587939698492,0.7684210526315789,1.5192775544129804
3.517587939698492,0.8631578947368421,1.5194645556692172
3.517587939698492,0.9578947368421054,1.51967242427546
3.517587939698492,1.0526315789473684,1.5199009532163887
3.517587939698492,1.1473684210526316,1.520149934651842
3.517587939698492,1.2421052631578948,1.5204191607585864
3.517587939698492,1.3368421052631578,1.520708424274119
3.517587939698492,1.431578947368421,1.5210175188465413
3.517587939698492,1.5263157894736843,1.5213462392595445
3.517587939698492,1.6210526315789473,1.5216943815773853
3.517587939698492,1.7157894736842105,1.5220617432387074
3.517587939698492,1.8105263157894738,1.5224481231176743
3.517587939698492,1.9052631578947368,1.5228533215640656
3.517587939698492,2.0,1.5232771404298946
3.557788944723618,0.2,1.5588044982578706
3.557788944723618,0.2947368421052632,1.558860789744712
3.557788944723618,0.3894736842105263,1.558938485511879
3.557788944723618,0.4842105263157895,1.5590374503640436
3.557788944723618,0.5789473684210527,1.5591575266638102
3.557788944723618,0.6736842105263159,1.5592985408066882
3.557788944723618,0.7684210526315789,1.5594603084404406
3.557788944723618,0.8631578947368421,1.5596426383705326
3.557788944723618,0.9578947368421054,1.559845335331468
3.557788944723618,1.0526315789473684,1.5600682018818295
3.557788944723618,1.1473684210526316,1.5603110396680873
3.557788944723618,1.2421052631578948,1.5605736502540184
3.557788944723618,1.3368421052631578,1.560855835659862
3.557788944723618,1.431578947368421,1.5611573987111385
3.557788944723618,1.5263157894736843,1.56147814326407
3.557788944723618,1.6210526315789473,1.5618178743514324
3.557788944723618,1.7157894736842105,1.562176398277256
3.557788944723618,1.8105263157894738,1.5625535226786438
3.557788944723618,1.9052631578947368,1.5629490565663666
3.557788944723618,2.0,1.5633628103518005
3.5979899497487438,0.2,1.5990043048865792
3.5979899497487438,0.2947368421052632,1.5990591971893025
3.5979899497487438,0.3894736842105263,1.5991349663182628
3.5979899497487438,0.4842105263157895,1.5992314841873139
3.5979899497487438,0.5789473684210527,1.5993486011922384
3.5979899497487438,0.6736842105263159,1.599486152304106
3.5979899497487438,0.7684210526315789,1.5996439620202572
3.5979899497487438,0.8631578947368421,1.5998218480992683
3.5979899497487438,0.9578947368421054,1.6000196242326168
3.5979899497487438,1.0526315789473684,1.6002371018856016
3.5979899497487438,1.1473684210526316,1.6004740915339748
3.5979899497487438,1.2421052631578948,1.600730403480873
3.5979899497487438,1.3368421052631578,1.6010058483911167
3.5979899497487438,1.431578947368421,1.6013002376388312
3.5979899497487438,1.5263157894736843,1.601613383533147
3.5979899497487438,1.6210526315789473,1.6019450994648656
3.5979899497487438,1.7157894736842105,1.602295200002017
3.5979899497487438,1.8105263157894738,1.6026635009523882
3.5979899497487438,1.9052631578947368,1.6030498194046234
3.5979899497487438,2.0,1.6034539737555007
3.6381909547738696,0.2,1.6392041698101767
3.6381909547738696,0.2947368421052632,1.6392577308373475
3.6381909547738696,0.3894736842105263,1.6393316665895765
3.6381909547738696,0.4842105263157895,1.6394258555534573
3.6381909547738696,0.5789473684210527,1.6395401555673232
3.6381909547738696,0.6736842105263159,1.6396744095621532
3.6381909547738696,0.7684210526315789,1.639828450262036
3.6381909547738696,0.8631578947368421,1.6400021037581018
3.6381909547738696,0.9578947368421054,1.640195192084858
3.6381909547738696,1.0526315789473684,1.6404075350087097
3.6381909547738696,1.1473684210526316,1.6406389512377246
3.6381909547738696,1.2421052631578948,1.6408892592260984
3.6381909547738696,1.3368421052631578,1.6411582777034215
3.6381909547738696,1.431578947368421,1.6414458260208713
3.6381909547738696,1.5263157894736843,1.6417517243771165
3.6381909547738696,1.6210526315789473,1.642075793965704
3.6381909547738696,1.7157894736842105,1.6424178570714547
3.6381909547738696,1.8105263157894738,1.6427777371336787
3.6381909547738696,1.9052631578947368,1.6431552587878262
3.6381909547738696,2.0,1.6435502478931465
3.6783919597989954,0.2,1.6794040888735888
3.6783919597989954,0.2947368421052632,1.6794563817054056
3.6783919597989954,0.3894736842105263,1.6795285707301741
3.6783919597989954,0.4842105263157895,1.6796205405228066
3.6783919597989954,0.5789473684210527,1.6797321558295928
3.6783919597989954,0.6736842105263159,1.6798632669831186
3.6783919597989954,0.7684210526315789,1.680013714368599
3.6783919597989954,0.8631578947368421,1.680183331845617
3.6783919597989954,0.9578947368421054,1.6803719492333113
3.6783919597989954,1.0526315789473684,1.6805793940480434
3.6783919597989954,1.1473684210526316,1.6808054926868632
3.6783919597989954,1.2421052631578948,1.6810500712193854
3.6783919597989954,1.3368421052631578,1.6813129559118891
3.6783919597989954,1.431578947368421,1.681593973571928
3.6783919597989954,1.5263157894736843,1.6818929517742853
3.6783919597989954,1.6210526315789473,1.6822097190090528
3.6783919597989954,1.7157894736842105,1.6825441047787966
3.6783919597989954,1.8105263157894738,1.6828959396624665
3.6783919597989954,1.9052631578947368,1.683265055357627
3.6783919597989954,2.0,1.6836512847084424
3.7185929648241203,0.2,1.7196040583076209
3.7185929648241203,0.2947368421052632,1.7196551416431423
3.7185929648241203,0.3894736842105263,1.7197256645881513
3.7185929648241203,0.4842105263157895,1.719815517367374
3.7185929648241203,0.5789473684210527,1.719924571150044
3.7185929648241203,0.6736842105263159,1.7200526831628762
3.7185929648241203,0.7684210526315789,1.720199700937365
3.7185929648241203,0.8631578947368421,1.7203654655876077
3.7185929648241203,0.9578947368421054,1.7205498142082718
3.7185929648241203,1.0526315789473684,1.7207525815630673
3.7185929648241203,1.1473684210526316,1.7209736012422967
3.7185929648241203,1.2421052631578948,1.7212127064422014
3.7185929648241203,1.3368421052631578,1.721469730483722
3.7185929648241203,1.431578947368421,1.7217445071553872
3.7185929648241203,1.5263157894736843,1.722036870939203
3.7185929648241203,1.6210526315789473,1.722346657159325
3.7185929648241203,1.7157894736842105,1.7226737020799734
3.7185929648241203,1.8105263157894738,1.7230178429700387
3.7185929648241203,1.9052631578947368,1.7233789181458554
3.7185929648241203,2.0,1.7237567669995877
3.758793969849246,0.2,1.7598040746851664
3.758793969849246,0.2947368421052632,1.7598540032389243
3.758793969849246,0.3894736842105263,1.7599229352920485
3.758793969849246,0.4842105263157895,1.7600107663212128
3.758793969849246,0.5789473684210527,1.760117373477578
3.758793969849246,0.6736842105263159,1.7602426204196941
3.758793969849246,0.7684210526315789,1.7603863613556836
3.758793969849246,0.8631578947368421,1.760548444184879
3.758793969849246,0.9578947368421054,1.7607287128123628
3.758793969849246,1.0526315789473684,1.7609270087897708
3.758793969849246,1.1473684210526316,1.761143172447429
3.758793969849246,1.2421052631578948,1.7613770436612046
3.758793969849246,1.3368421052631578,1.7616284623657774
3.758793969849246,1.431578947368421,1.761897268895662
3.758793969849246,1.5263157894736843,1.7621833042109407
3.758793969849246,1.6210526315789473,1.7624864100464408
3.758793969849246,1.7157894736842105,1.7628064290103524
3.758793969849246,1.8105263157894738,1.7631432046495212
3.758793969849246,1.9052631578947368,1.7634965814927661
3.758793969849246,2.0,1.7638664050796715
3.798994974874372,0.2,1.8000041348832427
3.798994974874372,0.2947368421052632,1.8000529597379666
3.798994974874372,0.3894736842105263,1.8001203711092197
3.798994974874372,0.4842105263157895,1.800206269363837
3.798994974874372,0.5789473684210527,1.800310537233031
3.798994974874372,0.6736842105263159,1.8004330443851695
3.798994974874372,0.7684210526315789,1.8005736512756823
3.798994974874372,0.8631578947368421,1.8007322121597615
3.798994974874372,0.9578947368421054,1.800908577327054
3.798994974874372,1.0526315789473684,1.8011025946963484
3.798994974874372,1.1473684210526316,1.8013141109227542
3.798994974874372,1.2421052631578948,1.8015429721521234
3.798994974874372,1.3368421052631578,1.80178902452872
3.798994974874372,1.431578947368421,1.8020521145342576
3.798994974874372,1.5263157894736843,1.8023320892133274
3.798994974874372,1.6210526315789473,1.8026287963230432
3.798994974874372,1.7157894736842105,1.8029420844322992
3.798994974874372,1.8105263157894738,1.8032718029877473
3.798994974874372,1.9052631578947368,1.8036178023576186
3.798994974874372,2.0,1.8039799338609772
3.8391959798994977,0.2,1.8402042360499855
3.8391959798994977,0.2947368421052632,1.8402520049711293
3.8391959798994977,0.3894736842105263,1.8403179613225962
3.8391959798994977,0.4842105263157895,1.8404020100317082
3.8391959798994977,0.5789473684210527,1.8405040390427707
3.8391959798994977,0.6736842105263159,1.8406239236479418
3.8391959798994977,0.7684210526315789,1.8407615301567217
3.8391959798994977,0.8631578947368421,1.840916718786508
3.8391959798994977,0.9578947368421054,1.8410893458208724
3.8391959798994977,1.0526315789473684,1.8412792651595622
3.8391959798994977,1.1473684210526316,1.841486329401314
3.8391959798994977,1.2421052631578948,1.841710390585826
3.8391959798994977,1.3368421052631578,1.8419513006957728
3.8391959798994977,1.431578947368421,1.8422089119937266
3.8391959798994977,1.5263157894736843,1.842483077247184
3.8391959798994977,1.6210526315789473,1.8427736498785887
3.8391959798994977,1.7157894736842105,1.8430804840652064
3.8391959798994977,1.8105263157894738,1.843403434805715
3.8391959798994977,1.9052631578947368,1.8437423579646093
3.8391959798994977,2.0,1.8440971103018466
3.8793969849246235,0.2,1.880404375575839
3.8793969849246235,0.2947368421052632,1.8804511332927836
3.8793969849246235,0.3894736842105263,1.880515696123123
3.8793969849246235,0.4842105263157895,1.8805979732536455
3.8793969849246235,0.5789473684210527,1.8806978575060194
3.8793969849246235,0.6736842105263159,1.8808152294424005
3.8793969849246235,0.7684210526315789,1.8809499608654967
3.8793969849246235,0.8631578947368421,1.8811019175933246
3.8793969849246235,0.9578947368421054,1.881270961544317
3.8793969849246235,1.0526315789473684,1.8814569522441338
3.8793969849246235,1.1473684210526316,1.8816597478845372
3.8793969849246235,1.2421052631578948,1.8818792060530596
3.8793969849246235,1.3368421052631578,1.8821151842292723
3.8793969849246235,1.431578947368421,1.882367540119452
3.8793969849246235,1.5263157894736843,1.882636131881148
3.8793969849246235,1.6210526315789473,1.8829208182734607
3.8793969849246235,1.7157894736842105,1.883221458757526
3.8793969849246235,1.8105263157894738,1.883537913563694
3.8793969849246235,1.9052631578947368,1.883870043736462
3.8793969849246235,2.0,1.8842177111645781
3.9195979899497493,0.2,1.9206045510683487
3.9195979899497493,0.2947368421052632,1.9206503395264185
3.9195979899497493,0.3894736842105263,1.9207135665155732
3.9195979899497493,0.4842105263157895,1.9207941452066746
3.9195979899497493,0.5789473684210527,1.9208919729910123
3.9195979899497493,0.6736842105263159,1.9210069353759083
3.9195979899497493,0.7684210526315789,1.9211389093255042
3.9195979899497493,0.8631578947368421,1.9212877659256995
3.9195979899497493,0.9578947368421054,1.9214533723991831
3.9195979899497493,1.0526315789473684,1.92163559357046
3.9195979899497493,1.1473684210526316,1.921834292901286
3.9195979899497493,1.2421052631578948,1.9220493332081545
3.9195979899497493,1.3368421052631578,1.9222805771527205
3.9195979899497493,1.431578947368421,1.9225278875741467
3.9195979899497493,1.5263157894736843,1.9227911277130723
3.9195979899497493,1.6210526315789473,1.9230701613621286
3.9195979899497493,1.7157894736842105,1.923364852966928
3.9195979899497493,1.8105263157894738,1.923675067693867
3.9195979899497493,1.9052631578947368,1.9240006714755236
3.9195979899497493,2.0,1.9243415310412217
3.959798994974874,0.2,1.9608047603300431
3.959798994974874,0.2947368421052632,1.960849618916903
3.959798994974874,0.3894736842105263,1.960911564235855
3.959798994974874,0.4842105263157895,1.9609905131894234
3.959798994974874,0.5789473684210527,1.9610863674559307
3.959798994974874,0.6736842105263159,1.9611990171890783
3.959798994974874,0.7684210526315789,1.9613283442088951
3.959798994974874,0.8631578947368421,1.961474224562439
3.959798994974874,0.9578947368421054,1.9616365304717174
3.959798994974874,1.0526315789473684,1.9618151317582673
3.959798994974874,1.1473684210526316,1.9620098968557
3.959798994974874,1.2421052631578948,1.9622206935150728
3.959798994974874,1.3368421052631578,1.962447389289456
3.959798994974874,1.431578947368421,1.962689851863837
3.959798994974874,1.5263157894736843,1.9629479492784176
3.959798994974874,1.6210526315789473,1.9632215500792853
3.959798994974874,1.7157894736842105,1.9635105234198849
3.959798994974874,1.8105263157894738,1.9638147391293361
3.959798994974874,1.9052631578947368,1.9641340677584271
3.959798994974874,2.0,1.964468380610528
4.0,0.2,2.0010050013389535
4.0,0.2947368421052632,2.0010489670884537
4.0,0.3894736842105263,2.0011096816782006
4.0,0.4842105263157895,2.0011870655106265
4.0,0.5789473684210527,2.0012810242911394
4.0,0.6736842105263159,2.0013914525445378
4.0,0.7684210526315789,2.0015182366648645
4.0,0.8631578947368421,2.001661257377126
4.0,0.9578947368421054,2.0018203916209
4.0,1.0526315789473684,2.0019955139358045
4.0,1.1473684210526316,2.0021864974516594
4.0,1.2421052631578948,2.00239321458186
4.0,1.3368421052631578,2.002615537502054
4.0,1.431578947368421,2.0028533384775105
4.0,1.5263157894736843,2.0031064900856745
4.0,1.6210526315789473,2.0033748653669012
4.0,1.7157894736842105,2.0036583379263937
4.0,1.8105263157894738,2.003956782003023
4.0,1.9052631578947368,2.004270072515806
4.0,2.0,2.004598085095284
